date,n,B,log_E,rank,log_M,log_E_naive,log_M_naive,map_slope,map_log_slope
200307,54,4,-0.242013,152,-0.242013,-0.242228,-0.242228,0.048697,-0.016644
200308,54,4,-16.549304,932,-16.791316,-16.550303,-16.792531,0.048697,-0.016644
200309,53,4,-0.365654,237,-17.156971,-0.365961,-17.158491,0.053677,-0.007400
200310,62,5,-0.662528,234,-17.819498,-0.663012,-17.821503,0.055843,-0.009915
200311,62,5,-4.121002,368,-21.940501,-4.121986,-21.943489,0.055843,-0.009915
200312,64,5,0.710204,113,-21.230296,0.711239,-21.232250,0.055843,-0.009915
200401,67,5,-0.203553,127,-21.433849,-0.203737,-21.435987,0.058347,-0.011455
200402,69,5,3.981919,2,-17.451930,4.035974,-17.400012,0.058425,-0.011899
200403,67,5,-2.100098,405,-19.552027,-2.100975,-19.500987,0.058425,-0.011899
200404,67,5,0.847434,52,-18.704593,0.848769,-18.652219,0.058425,-0.011899
200405,69,5,-11.420683,309,-30.125277,-11.421683,-30.073901,0.060969,-0.011975
200406,73,5,3.627453,6,-26.497823,3.664757,-26.409144,0.060470,-0.009405
200407,71,5,3.095653,7,-23.402170,3.116981,-23.292164,0.060470,-0.009405
200408,69,5,1.144308,66,-22.257863,1.146450,-22.145713,0.060358,-0.012363
200409,72,5,0.794571,78,-21.463291,0.795786,-21.349928,0.057967,-0.008741
200410,71,5,-2.522558,459,-23.985850,-2.523478,-23.873405,0.056572,-0.004099
200411,72,5,6.891795,1,-17.094054,10.976184,-12.897221,0.056291,-0.005664
200412,72,5,6.904042,1,-10.190013,12.262816,-0.634405,0.057341,-0.009116
200501,72,5,3.726612,3,-6.463401,3.767994,3.133590,0.054577,-0.020126
200502,87,6,6.629666,1,0.166265,8.041195,11.174785,0.048002,-0.030131
200503,88,6,-1.303072,403,-1.136807,-1.303800,9.870985,0.042870,-0.047481
200504,89,6,1.172799,57,0.035993,1.175033,11.046018,0.037888,-0.060877
200505,90,6,4.550384,3,4.586377,4.648735,15.694753,0.027799,-0.090060
200506,93,7,-1.799575,40,2.786802,-1.800409,13.894343,0.025153,-0.098938
200507,93,7,-4.369671,65,-1.582869,-4.370658,9.523685,0.024264,-0.104323
200508,95,7,6.790779,1,5.207911,8.985467,18.509152,0.024183,-0.106262
200509,100,7,5.518750,1,10.726661,5.804199,24.313351,0.028037,-0.097083
200510,94,7,6.167773,1,16.894433,6.814270,31.127621,0.029623,-0.076949
200511,94,7,6.880476,1,23.774910,10.459237,41.586858,0.031082,-0.067724
200512,95,7,6.782178,1,30.557088,8.910709,50.497567,0.028423,-0.069087
200601,100,7,6.651431,1,37.208519,8.133756,58.631323,0.027829,-0.046112
200602,103,7,6.857875,1,44.066394,9.860504,68.491827,0.029446,-0.021030
200603,101,7,6.427919,1,50.494314,7.389952,75.881779,0.028872,-0.018333
200604,103,7,3.963174,4,54.457487,4.016178,79.897957,0.029473,-0.012816
200605,101,7,6.892765,1,61.350252,11.035528,90.933485,0.036914,0.026097
200606,130,9,6.908692,1,68.258944,16.585137,107.518622,0.034802,0.019746
200607,127,9,6.908755,1,75.167698,24.211167,131.729789,0.034548,0.013196
200608,134,9,-6.986425,153,68.181273,-6.987424,124.742366,0.033441,0.000634
200609,128,9,6.158130,1,74.339403,6.795925,131.538291,0.033472,0.000142
200610,164,11,6.908754,1,81.248158,21.404134,152.942425,0.034208,0.010997
200611,164,11,6.908755,1,88.156912,39.798553,192.740978,0.034204,0.006645
200612,159,11,6.907284,1,95.064196,13.428698,206.169675,0.037173,0.000752
200701,158,11,6.908755,1,101.972951,33.475105,239.644780,0.039556,0.000531
200702,184,13,6.907344,1,108.880295,13.470524,253.115305,0.041816,-0.009974
200703,185,13,6.908690,1,115.788985,16.557304,269.672608,0.042896,-0.018524
200704,185,13,6.908178,1,122.697163,14.365714,284.038322,0.042354,-0.027995
200705,188,13,6.908755,1,129.605918,23.370057,307.408379,0.039812,-0.035802
200706,184,13,6.908755,1,136.514673,36.495786,343.904164,0.041051,-0.041864
200707,184,13,6.908744,1,143.423416,18.308571,362.212735,0.039921,-0.044739
200708,186,13,-6.288377,8,137.135039,-6.289374,355.923361,0.032854,-0.051482
200709,192,13,6.908755,1,144.043794,24.208760,380.132121,0.033642,-0.059245
200710,183,13,6.908101,1,150.951895,14.239585,394.371706,0.033346,-0.070409
200711,185,13,6.908755,1,157.860650,33.678692,428.050398,0.036160,-0.067170
200712,186,13,6.902271,1,164.762921,11.942983,439.993381,0.037580,-0.062781
200801,178,12,6.908755,1,171.671675,31.738900,471.732281,0.037696,-0.056050
200802,179,12,6.908755,1,178.580430,81.551864,553.284144,0.039060,-0.054583
200803,178,12,6.908755,1,185.489185,29.844584,583.128729,0.035858,-0.066614
200804,177,12,6.908755,1,192.397940,74.775721,657.904450,0.037857,-0.053892
200805,177,12,6.908755,1,199.306695,53.642787,711.547237,0.037945,-0.059811
200806,178,12,6.908755,1,206.215449,61.362913,772.910150,0.036458,-0.065196
200807,176,12,6.908755,1,213.124204,70.741983,843.652133,0.038389,-0.058928
200808,176,12,6.908755,1,220.032959,75.998912,919.651046,0.043646,-0.058489
200809,173,12,-143.432359,692,76.600600,-143.433358,776.217687,0.042092,-0.057943
200810,172,12,6.908755,1,83.509355,154.401731,930.619418,0.040353,-0.055450
200811,173,12,6.908755,1,90.418110,135.979532,1066.598950,0.039285,-0.060759
200812,103,7,6.908145,1,97.326255,14.309777,1080.908727,0.034284,-0.058932
200901,101,7,6.908755,1,104.235009,23.109476,1104.018203,0.030584,-0.067089
200902,104,7,6.908717,1,111.143726,17.081370,1121.099574,0.029038,-0.061704
200903,126,9,-1.940769,13,109.202957,-1.941625,1119.157949,0.027479,-0.052391
200904,132,9,1.182485,11,110.385442,1.184750,1120.342699,0.021226,-0.044595
200905,134,9,-0.326324,76,110.059118,-0.326603,1120.016096,0.018471,-0.033273
200906,129,9,4.451359,2,114.510477,4.539910,1124.556006,0.019953,-0.028397
200907,131,9,1.745046,42,116.255523,1.749783,1126.305790,0.019483,-0.027488
200908,132,9,2.380673,20,118.636196,2.390533,1128.696323,0.018605,-0.023049
200909,134,9,1.558718,44,120.194914,1.562478,1130.258800,0.019573,-0.020629
200910,138,10,6.907541,1,127.102454,13.620891,1143.879691,0.006161,-0.031944
200911,141,10,6.711772,1,133.814226,8.432288,1152.311979,-0.008094,-0.043166
200912,144,10,6.827636,1,140.641862,9.378757,1161.690736,-0.018770,-0.034104
201001,141,10,6.908751,1,147.550613,19.449254,1181.139990,-0.024375,-0.041727
201002,156,11,6.908755,1,154.459368,28.331377,1209.471367,-0.030919,-0.044677
201003,158,11,6.908755,1,161.368123,37.204692,1246.676059,-0.036907,-0.045819
201004,157,11,6.908755,1,168.276878,31.569899,1278.245958,-0.030798,-0.042425
201005,159,11,6.908755,1,175.185632,43.086785,1321.332743,-0.026747,-0.034695
201006,156,11,6.908755,1,182.094387,61.486106,1382.818849,-0.029720,-0.039241
201007,160,11,6.908755,1,189.003142,65.934037,1448.752886,-0.032616,-0.041230
201008,161,11,6.908755,1,195.911897,107.644840,1556.397726,-0.034247,-0.039089
201009,163,11,6.908755,1,202.820651,128.670178,1685.067904,-0.034213,-0.035502
201010,163,11,6.908755,1,209.729406,96.633241,1781.701145,-0.013970,-0.027112
201011,165,11,6.908755,1,216.638161,60.532823,1842.233969,0.005508,-0.013707
201012,165,11,6.908740,1,223.546901,18.002026,1860.235995,0.022796,-0.004167
201101,165,11,6.908755,1,230.455655,29.844375,1890.080370,0.027689,-0.007861
201102,174,12,6.908379,1,237.364035,14.794629,1904.874999,0.037098,-0.001617
201103,173,12,6.908454,1,244.272489,15.018062,1919.893061,0.048599,0.012928
201104,175,12,-4.747257,37,239.525232,-4.748248,1915.144813,0.051145,0.014291
201105,177,12,6.908755,1,246.433986,31.955471,1947.100284,0.051765,0.012624
201106,181,13,6.908755,1,253.342741,24.979712,1972.079995,0.054898,0.015704
201107,181,13,6.908755,1,260.251496,35.411842,2007.491837,0.057923,0.014990
201108,182,13,6.908755,1,267.160251,50.251459,2057.743296,0.060070,0.015250
201109,182,13,6.907742,1,274.067993,13.802531,2071.545827,0.063343,0.016152
201110,186,13,6.908755,1,280.976748,33.687425,2105.233252,0.064850,0.014715
201111,160,11,6.908755,1,287.885502,25.084399,2130.317652,0.066609,0.016894
201112,159,11,6.908755,1,294.794257,30.656664,2160.974315,0.068414,0.018381
201201,159,11,6.908755,1,301.703012,32.659445,2193.633761,0.070852,0.023935
201202,160,11,6.878030,1,308.581042,10.375048,2204.008809,0.069804,0.024971
201203,161,11,6.908004,1,315.489046,14.101581,2218.110390,0.068483,0.022430
201204,158,11,6.645370,1,322.134416,8.107312,2226.217702,0.067881,0.022172
201205,169,12,6.908755,1,329.043171,27.759756,2253.977458,0.067497,0.021447
201206,172,12,6.908755,1,335.951926,41.467324,2295.444782,0.068456,0.023077
201207,178,12,6.908755,1,342.860680,27.226346,2322.671128,0.068893,0.024118
201208,170,12,6.908643,1,349.769324,16.009848,2338.680976,0.069242,0.025963
201209,177,12,6.905963,1,356.675286,12.787315,2351.468291,0.068913,0.026243
201210,175,12,6.908722,1,363.584009,17.241328,2368.709619,0.069783,0.031191
201211,177,12,6.908755,1,370.492763,26.646775,2395.356394,0.067999,0.030612
201212,173,12,6.905168,1,377.397931,12.536381,2407.892775,0.069670,0.031779
201301,173,12,6.908755,1,384.306686,29.220320,2437.113095,0.072796,0.036231
201302,180,12,6.902406,1,391.209092,11.964089,2449.077184,0.075400,0.035963
201303,182,13,6.908755,1,398.117847,23.308151,2472.385334,0.076821,0.037770
201304,175,12,6.908755,1,405.026601,23.512101,2495.897435,0.077460,0.037171
201305,177,12,6.908755,1,411.935356,26.687455,2522.584891,0.079586,0.036085
201306,190,13,6.908755,1,418.844111,52.484779,2575.069670,0.081877,0.034426
201307,193,13,6.908755,1,425.752866,33.390680,2608.460350,0.084363,0.037499
201308,194,13,6.908755,1,432.661620,41.783460,2650.243810,0.084835,0.042595
201309,197,14,6.908755,1,439.570375,53.855849,2704.099659,0.084968,0.044255
201310,198,14,6.908755,1,446.479130,41.270495,2745.370154,0.083914,0.041466
201311,200,14,6.908755,1,453.387885,32.022849,2777.393003,0.083676,0.041928
201312,219,15,6.908755,1,460.296640,51.663144,2829.056147,0.081740,0.042419
201401,216,15,6.908755,1,467.205394,53.713193,2882.769340,0.079363,0.036298
201402,218,15,6.908755,1,474.114149,52.643371,2935.412711,0.078212,0.037155
201403,215,15,6.908755,1,481.022904,54.464762,2989.877473,0.078416,0.040356
201404,214,15,6.908755,1,487.931659,45.348856,3035.226329,0.078558,0.042418
201405,216,15,6.908755,1,494.840413,55.590856,3090.817185,0.078269,0.045596
201406,231,16,6.908755,1,501.749168,60.061684,3150.878868,0.076551,0.045941
201407,234,16,6.908755,1,508.657923,54.058819,3204.937687,0.074753,0.044933
201408,236,16,6.908755,1,515.566678,40.955933,3245.893620,0.072971,0.044233
201409,237,16,6.908755,1,522.475433,44.869251,3290.762871,0.071799,0.041110
201410,235,16,6.908755,1,529.384187,52.406878,3343.169748,0.071039,0.038928
201411,234,16,6.908755,1,536.292942,69.907144,3413.076892,0.071800,0.041397
201412,236,16,6.908755,1,543.201697,42.305326,3455.382219,0.071292,0.034344
201501,231,16,6.908755,1,550.110452,69.655176,3525.037394,0.070792,0.035068
201502,227,16,6.908755,1,557.019206,51.656168,3576.693562,0.070146,0.034479
201503,229,16,6.908755,1,563.927961,76.465982,3653.159543,0.068725,0.032680
201504,246,17,6.908755,1,570.836716,90.967373,3744.126917,0.067334,0.031415
201505,241,17,6.908755,1,577.745471,131.417432,3875.544348,0.064924,0.024869
201506,251,17,6.908755,1,584.654226,124.459731,4000.004079,0.063762,0.023939
201507,252,17,6.908755,1,591.562980,189.956676,4189.960755,0.062731,0.023535
201508,252,17,6.908755,1,598.471735,249.662907,4439.623662,0.062750,0.026416
201509,254,17,6.908755,1,605.380490,240.090926,4679.714588,0.062747,0.028268
201510,253,17,6.908755,1,612.289245,263.366147,4943.080735,0.062470,0.028308
201511,252,17,6.908755,1,619.198000,232.676794,5175.757528,0.061381,0.023484
201512,258,18,6.908755,1,626.106754,176.452188,5352.209717,0.061573,0.020984
201601,251,17,6.908755,1,633.015509,255.873750,5608.083467,0.062586,0.023517
201602,226,16,6.908755,1,639.924264,208.315599,5816.399066,0.063963,0.025619
201603,234,16,6.908755,1,646.833019,114.362154,5930.761220,0.064601,0.024100
201604,243,17,6.908755,1,653.741773,97.811753,6028.572973,0.066089,0.026936
201605,244,17,6.908755,1,660.650528,107.548296,6136.121269,0.069176,0.036830
201606,252,17,6.908755,1,667.559283,86.381237,6222.502506,0.071311,0.035694
201607,253,17,6.908755,1,674.468038,86.157209,6308.659715,0.072301,0.031458
201608,257,18,6.908755,1,681.376793,59.015637,6367.675351,0.074728,0.032424
201609,258,18,6.908755,1,688.285547,48.992688,6416.668039,0.076789,0.031598
201610,257,18,6.908755,1,695.194302,32.610970,6449.279009,0.079320,0.030916
201611,258,18,6.908755,1,702.103057,52.111437,6501.390446,0.082505,0.035778
201612,259,18,6.908755,1,709.011812,50.220981,6551.611426,0.084658,0.039408
201701,259,18,6.908755,1,715.920566,56.317658,6607.929084,0.084693,0.036280
201702,264,18,6.908755,1,722.829321,61.428351,6669.357435,0.086529,0.038365
201703,269,18,6.908755,1,729.738076,69.609337,6738.966772,0.089347,0.038480
201704,264,18,6.908755,1,736.646831,79.834959,6818.801730,0.090466,0.037795
201705,245,17,6.908755,1,743.555586,134.071877,6952.873607,0.090040,0.035522
201706,254,17,6.908755,1,750.464340,146.708321,7099.581929,0.089767,0.036906
201707,255,17,6.908755,1,757.373095,203.107137,7302.689066,0.090767,0.039229
201708,256,18,6.908755,1,764.281850,158.298209,7460.987275,0.090816,0.042128
201709,258,18,6.908755,1,771.190605,202.211710,7663.198985,0.089697,0.043569
201710,261,18,6.908755,1,778.099359,234.907803,7898.106788,0.087482,0.046088
201711,264,18,6.908755,1,785.008114,256.263518,8154.370307,0.084976,0.045736
201712,239,16,6.908755,1,791.916869,229.442796,8383.813102,0.082199,0.046045
201801,243,17,6.908755,1,798.825624,264.505441,8648.318543,0.080823,0.045728
201802,249,17,6.908755,1,805.734379,266.883270,8915.201814,0.077367,0.045353
201803,247,17,6.908755,1,812.643133,203.808768,9119.010582,0.074325,0.044624
201804,235,16,6.908755,1,819.551888,139.272431,9258.283013,0.071907,0.042679
201805,239,16,6.908755,1,826.460643,110.541066,9368.824080,0.070870,0.040468
201806,244,17,6.908755,1,833.369398,90.072625,9458.896704,0.069145,0.038420
201807,261,18,6.908755,1,840.278152,119.495437,9578.392141,0.066965,0.036155
201808,264,18,6.908755,1,847.186907,83.601999,9661.994140,0.064060,0.034197
201809,263,18,6.908755,1,854.095662,106.108375,9768.102515,0.062615,0.032078
201810,274,19,6.908755,1,861.004417,112.741149,9880.843664,0.061379,0.033056
201811,282,19,6.908755,1,867.913172,148.716379,10029.560043,0.060024,0.028384
201812,282,19,6.908755,1,874.821926,211.362886,10240.922929,0.058987,0.030399
201901,281,19,6.908755,1,881.730681,110.314033,10351.236962,0.058514,0.034098
201902,275,19,6.908755,1,888.639436,69.269850,10420.506811,0.056728,0.032596
201903,277,19,6.908755,1,895.548191,60.808898,10481.315709,0.054636,0.027336
201904,282,19,6.908755,1,902.456945,59.844853,10541.160563,0.053042,0.026989
201905,284,19,6.908755,1,909.365700,112.687867,10653.848430,0.051604,0.022461
201906,286,20,6.908755,1,916.274455,75.844476,10729.692906,0.050804,0.019110
201907,264,18,6.908755,1,923.183210,44.927674,10774.620580,0.050478,0.015926
201908,268,18,6.908755,1,930.091965,80.974909,10855.595489,0.049985,0.011703
201909,279,19,6.908755,1,937.000719,116.083229,10971.678718,0.049537,0.007099
201910,275,19,6.908755,1,943.909474,74.820051,11046.498769,0.049014,0.006187
201911,272,19,6.908755,1,950.818229,47.885181,11094.383949,0.048667,0.004262
201912,273,19,6.908755,1,957.726984,49.754583,11144.138532,0.049020,0.003855
202001,273,19,6.908755,1,964.635738,87.422456,11231.560988,0.049860,0.003346
202002,256,18,6.908755,1,971.544493,81.751214,11313.312202,0.051440,0.004828
202003,251,17,-252.635399,982,718.909095,-252.636398,11060.675804,0.053304,0.008807
202004,246,17,6.908755,1,725.817849,49.789505,11110.465309,0.054709,0.012452
202005,218,15,6.908755,1,732.726604,131.707536,11242.172844,0.055091,0.019016
202006,218,15,6.908755,1,739.635359,133.510354,11375.683199,0.055839,0.021769
202007,217,15,6.908755,1,746.544114,47.255696,11422.938895,0.055108,0.022475
202008,216,15,6.908755,1,753.452868,98.440617,11521.379512,0.055451,0.025146
202009,197,14,6.908755,1,760.361623,94.117239,11615.496751,0.055690,0.029018
