target,y_cov,rtg,n_dates,rho_lvl,abs_rho_lvl,rho_res,abs_rho_res,share_res_gt_03,acf1_res,stress_lift_res,stress_lift_lvl
yield,D2D,AAA,101,0.06666666666666667,0.17945672103440022,-0.03358009572318922,0.2903631811066201,0.49504950495049505,0.8357243708523827,-0.15032833638951007,0.11023775642282602
yield,D2D,AA,207,0.012281911323501269,0.078648508603488,-0.05482816323553873,0.16710310130846123,0.1642512077294686,0.938972065681974,0.15427534388578135,0.2727086048696158
yield,D2D,A,207,-0.009926728826742552,0.08673240235710414,0.03821739264648212,0.10410335418633786,0.12077294685990338,0.9535732667501663,0.2220059474355936,0.24938634139190397
yield,D2D,BBB,207,-0.1731616710760305,0.1731616710760305,0.039463719423449145,0.16515306861424478,0.21739130434782608,0.9706478338418186,0.09851453709519412,0.1479864095128982
yield,D2D,BB,207,-0.21008445207105542,0.21008445207105542,0.07706917410124105,0.20889897170479596,0.32367149758454106,0.9484057149253804,0.06545388789458068,0.17958142189052975
yield,D2D,B,207,-0.3465649100930416,0.3465649100930416,0.053739683154742396,0.22010910831784494,0.3526570048309179,0.9146919040920735,-0.10789867231938088,-0.10653285174955263
yield,VaR,AAA,202,-0.7924242424242425,0.7924242424242425,-0.06666666666666667,0.4763546798029556,0.6994535519125683,0.9323372708210931,0.2995477854992492,-0.05956203555217565
yield,VaR,AA,206,-0.8181009934394714,0.8181009934394714,-0.2085930565899144,0.4614968170702111,0.6951871657754011,0.9639770653156191,0.161622506419758,-0.03554770093076909
yield,VaR,A,206,-0.797469861326372,0.797469861326372,-0.2989461232517534,0.3242233675079227,0.5454545454545454,0.9549823062106119,0.24044118013135607,-0.027613219432039537
yield,VaR,BBB,206,-0.7649029994322629,0.7649029994322629,-0.30935841935841935,0.334767191623043,0.5668449197860963,0.970728085618704,0.13901550864058393,0.0255231291731548
yield,VaR,BB,206,-0.38167295628171516,0.38167295628171516,-0.03194831204817624,0.19193635060902797,0.18716577540106952,0.9266193288421412,-0.060017513714502035,0.09381515446574223
yield,VaR,B,206,-0.3124101157733496,0.3124101157733496,0.03596059113300492,0.1686035483503838,0.31016042780748665,0.8975226107570349,0.01970204834169184,0.023258676497427466
yield,age,AAA,207,-0.15375438879649828,0.1632910990502456,0.17742752892423214,0.2831988582390269,0.47342995169082125,0.9635822520365054,0.1773172745254174,0.2899393969323353
yield,age,AA,207,-0.18249779172987257,0.18249779172987257,-0.08461910754385511,0.13262262409643374,0.09178743961352658,0.9012639263653934,0.04839617647409811,0.008361990440329592
yield,age,A,207,-0.1899532554919239,0.1899532554919239,-0.040418449542478835,0.11892276679429917,0.12560386473429952,0.974576607687426,0.10887938155728154,0.05820560532228106
yield,age,BBB,207,-0.1598923090132937,0.1598923090132937,-0.10178835524947931,0.1450829094495717,0.1111111111111111,0.9771197212084224,0.06864789244893527,0.1205450953960027
yield,age,BB,207,-0.12067691816709845,0.12099653740606106,-0.09105427489535008,0.15347544903317326,0.2222222222222222,0.9586214159296427,0.03572296721697399,0.04007258894273012
yield,age,B,207,-0.0576991282178577,0.10339685200484072,0.07072110406449919,0.1703785574792884,0.18840579710144928,0.9537771896104152,0.08876310551155023,0.1284253210017321
yield,amtout,AAA,207,0.0994680879778358,0.16941555941850334,-0.013694304786994444,0.263823541230135,0.4396135265700483,0.969242706106653,0.16503938350557978,0.2917508544016597
yield,amtout,AA,207,0.11552701399344134,0.11726582335024434,-0.017400146749152464,0.09659657351625882,0.01932367149758454,0.9288320125268891,0.16169725803219379,0.1867540776680786
yield,amtout,A,207,0.16738298468992563,0.16860765137434375,-0.019012993292683685,0.09540602372901089,0.01932367149758454,0.9507755669064788,0.16444367958350414,0.13429256111736831
yield,amtout,BBB,207,0.07226581667711143,0.07984144912654392,0.0009249086211543391,0.05413496185292853,0.0,0.9085821359428525,0.05531538926839616,0.051997020833381494
yield,amtout,BB,207,-0.010669150179443681,0.07153259021775125,-0.06254093858949275,0.10321182947389984,0.043478260869565216,0.8631698166788012,-0.02893849620530442,0.042697947483319384
yield,amtout,B,207,-0.15129785033500132,0.15515917647440014,-0.07798491030410981,0.1330222123924731,0.13526570048309178,0.8864113377577877,-0.02370714541207261,-0.08376727058784292
yield,at_me,AAA,207,-0.09995680325883939,0.1785999065922733,-0.04789474720713997,0.18993429409939658,0.2318840579710145,0.7486950429471663,-0.04059106789685507,-0.03831360783128765
yield,at_me,AA,207,-0.05344607446170956,0.13797566529315544,0.1040091033100657,0.14159354663589815,0.15458937198067632,0.9377352975315062,0.18118679914867408,0.16469931439102417
yield,at_me,A,207,0.01238481740181491,0.0728241813692997,0.04870990288031756,0.09321974754532936,0.14492753623188406,0.9514245140392208,0.303767261364605,0.3750212755438289
yield,at_me,BBB,207,0.052901893919945264,0.07072212983838827,0.03865948659052142,0.06573180742365149,0.028985507246376812,0.9489323221980608,0.1465842774400167,0.11691781859636224
yield,at_me,BB,207,0.1007099996198886,0.13819816515094266,-0.002807362836021657,0.11869682594020352,0.08695652173913043,0.897231095248318,-0.007062785729884044,0.17144407302641096
yield,at_me,B,207,0.21821460215953567,0.21821460215953567,0.09967205412890706,0.1465256141718618,0.13043478260869565,0.8284601248711575,0.014437488005120402,-0.06682991218452819
yield,be_me,AAA,207,-0.15049301188467135,0.17320508075688776,-0.05986996132333798,0.19251338527170506,0.34782608695652173,0.7560688888201283,-0.08428720097255252,-0.05281550484029848
yield,be_me,AA,207,-0.06924683654184757,0.11737646878475852,0.03654703828133359,0.14285313389436444,0.14009661835748793,0.9480041659298223,0.16806960038551227,0.1418393954494712
yield,be_me,A,207,0.13399521733897107,0.13399521733897107,-0.008330883407379586,0.0864951766808211,0.0821256038647343,0.9474801674049039,0.2625565368247952,0.30260461821392737
yield,be_me,BBB,207,0.10705936717878084,0.11278468464671526,-0.010135920412510319,0.0958555382956889,0.07729468599033816,0.956884732803225,0.09171840647978967,0.06987820242178512
yield,be_me,BB,207,0.12247153879475418,0.1494744132477556,-0.09085661617667272,0.14895962168162735,0.10628019323671498,0.8916689765841077,0.04696048249503998,0.1415543624428173
yield,be_me,B,207,0.2249820306270186,0.22692128463978298,0.06235614971971819,0.1620348090554609,0.13043478260869565,0.8662368844937902,0.044557642811839715,-0.03757752040692944
yield,coupon,AAA,207,0.47896314020190883,0.47896314020190883,0.23651161244869479,0.35411314351566897,0.5748792270531401,0.9483451783698641,0.30134322071867226,0.18919942816865448
yield,coupon,AA,207,0.4375363114393407,0.4375363114393407,0.1312026772529346,0.2395053873161593,0.36231884057971014,0.9712226110194688,0.18311296310880992,-0.020707600378495505
yield,coupon,A,207,0.424503441749883,0.424503441749883,0.1313054748837208,0.21557242176052077,0.2608695652173913,0.9822426767997443,0.11518385149765567,-0.13137567429841412
yield,coupon,BBB,207,0.3748809921976157,0.3748809921976157,0.07516338850462288,0.1871714983236987,0.28502415458937197,0.9927310853196414,0.006332757292163815,-0.13704466507012253
yield,coupon,BB,207,0.36146449224473093,0.36146449224473093,0.06785725325611623,0.1461581773245365,0.0966183574879227,0.923942463051645,-0.0210480248141027,-0.13329999372287793
yield,coupon,B,207,0.4396423591756275,0.4396423591756275,0.12681868696345946,0.1640835002866818,0.2028985507246377,0.9276334822257978,0.04449833308416143,-0.1490559049984732
yield,debt_ebitda,AAA,207,-0.04304535108409191,0.19386909829244905,-0.07344797747116932,0.2614375107552841,0.45410628019323673,0.9315046111785578,-0.16836418446081947,-0.07305834862206648
yield,debt_ebitda,AA,207,0.009827637213183889,0.11317580765223492,-0.006661017702327775,0.1745471688614639,0.14492753623188406,0.9354716426646914,0.05968855392242503,0.0966166280047952
yield,debt_ebitda,A,207,-0.062229405412923766,0.09910039896057445,0.03433833582097158,0.1286253290900595,0.1111111111111111,0.95098153981254,0.11484663529523492,0.13496072531852954
yield,debt_ebitda,BBB,207,-0.03198723730066139,0.04502398024884062,-0.02551290915402991,0.0626671759104133,0.0,0.9040231620191052,-0.031923088664793375,-0.0011396114783900069
yield,debt_ebitda,BB,207,-0.07582395005369735,0.13989263486111447,-0.07896808621733568,0.14147373988976183,0.15942028985507245,0.9309427755950028,-0.024672569975246667,-0.04613511179283877
yield,debt_ebitda,B,207,0.05807342402115406,0.0913847358146687,0.03170048661871221,0.12364441547305159,0.0966183574879227,0.8602577404676166,0.0618189737965328,0.1118902278663892
yield,dolvol,AAA,207,0.12902147617537557,0.22527472527472525,0.07012987012987013,0.19795918367346935,0.26570048309178745,0.6000788752940238,0.05774965488587777,0.12540615693561316
yield,dolvol,AA,207,0.12483406356311212,0.129574417317074,0.033846367901989464,0.07286351614885263,0.004830917874396135,0.62842755457141,0.027737487181331733,-0.008376375185488644
yield,dolvol,A,207,0.13881845187246564,0.1450720383907301,0.05889733149990761,0.07739172098149813,0.0,0.8134315483347816,0.014958635995746733,-0.027384018476376615
yield,dolvol,BBB,207,0.19155577185043685,0.19155577185043685,0.14188387920794404,0.14213845414794588,0.004830917874396135,0.7591706126603066,-0.05639125000268286,-0.09809531268710867
yield,dolvol,BB,207,0.07494168798585314,0.0901650162906028,0.02438964435423739,0.08504751223982829,0.00966183574879227,0.6075554146958223,0.028754565632651857,0.04745990227450658
yield,dolvol,B,207,0.004494797511057384,0.08271734066993391,-0.011142721669037459,0.08676618680636357,0.04830917874396135,0.5402382889372435,0.008195686831980672,0.05035158043969437
yield,duration,AAA,207,0.9133126934984519,0.9133126934984519,-0.4719251336898396,0.7636494597839135,0.8309178743961353,0.9734157523035315,0.05268997236729267,-0.03416444453612921
yield,duration,AA,207,0.9162290422274013,0.9162290422274013,-0.24172753889660553,0.6929985653698488,0.8405797101449275,0.9755945683365019,-0.08801724958952861,-0.22569184879645365
yield,duration,A,207,0.9062117899902157,0.9062117899902157,-0.18163845564474937,0.5620767749119692,0.8019323671497585,0.9817584548013686,-0.08619233394383363,-0.26781238331116053
yield,duration,BBB,207,0.8264921265215107,0.8264921265215107,-0.06150849864253982,0.4216900431800141,0.6666666666666666,0.9838676927641001,0.03669547697116782,-0.1432590118545819
yield,duration,BB,207,0.4988781273792692,0.4988781273792692,-0.04967108101556047,0.17357222844344905,0.2608695652173913,0.9543988181719534,-0.018285912702297957,-0.22274751270350213
yield,duration,B,207,0.14229691876750702,0.14565217391304347,-0.06565656565656568,0.15877370983261405,0.17391304347826086,0.9028311595657847,-0.06855812908170938,0.03782379057435495
yield,eq_dur,AAA,207,0.049392718091753836,0.1690308509457033,-0.015901104191382232,0.1842526351463595,0.34782608695652173,0.8053529505192963,-0.02670640710048125,0.002583718674472546
yield,eq_dur,AA,207,0.02997362628580941,0.091064764189552,-0.03187105933927911,0.13922466678341794,0.12077294685990338,0.9404356773761706,0.17819816258664609,0.14111361175070652
yield,eq_dur,A,207,-0.08804983738925687,0.08839704738137005,0.020842660835465335,0.11216090962536913,0.11594202898550725,0.9419784190797623,0.2061775997939843,0.27539185216663964
yield,eq_dur,BBB,207,-0.03690318057852889,0.06572742117368534,0.004387257828118555,0.10055519851375518,0.028985507246376812,0.9395451946695292,0.06114762410138924,0.07536429488989706
yield,eq_dur,BB,207,-0.04929851194837633,0.10650508395281731,-0.0012461561258303314,0.13593393347641153,0.12560386473429952,0.894817084421489,0.07662749574716404,0.021357534272849768
yield,eq_dur,B,207,-0.08315371273457228,0.1531047338375062,-0.01245943168369066,0.1451774148236819,0.20772946859903382,0.8654527028875981,-0.03008284971348346,0.005089760490782386
yield,market_lev,AAA,207,-0.158484337655258,0.18171218308933168,0.0638315444392188,0.23085627205420384,0.4057971014492754,0.8998177542969026,-0.1057574607953366,-0.003458758990827787
yield,market_lev,AA,207,0.048919540346470884,0.09239711004845262,-0.029265390784487495,0.12124833620476225,0.0966183574879227,0.9053828427591256,-0.020209207909262922,0.04296257716297486
yield,market_lev,A,207,0.018894755606704297,0.057798905672963016,-0.0174358352969231,0.07476821650966464,0.014492753623188406,0.9267184344584891,0.012595143263452208,0.022202011313573723
yield,market_lev,BBB,207,0.028257836841686316,0.04127532792790622,0.012375731732603932,0.0746195919819037,0.004830917874396135,0.923183231585218,0.05674693891652238,0.039605926598641844
yield,market_lev,BB,207,0.06689179505258239,0.09513109507327157,0.024378368991254055,0.15819020595707398,0.15458937198067632,0.9494094836283974,0.09674867722893007,0.042829148953760734
yield,market_lev,B,207,0.08422720807097137,0.12463034212525441,-0.022850749308776726,0.11398176842251956,0.09178743961352658,0.7794540781266103,0.11622407627318893,0.11119496197771495
yield,me,AAA,207,0.16233134348712516,0.18257418583505536,0.0,0.22123690713946328,0.3864734299516908,0.8916716493869581,-0.07417019466097122,-0.04241311262126815
yield,me,AA,207,0.07665781490264116,0.09940796502281002,-0.10534532614008382,0.15627432413462508,0.13526570048309178,0.9325155910448132,-0.04842632486363943,0.015730277520184494
yield,me,A,207,0.03002719430550076,0.06161539096304491,-0.029261435499693348,0.07274195647118394,0.0966183574879227,0.9622122526870357,0.04220453430774208,0.04310714469450631
yield,me,BBB,207,-0.11316185161669158,0.11316185161669158,-0.057498351028974826,0.0999908499804327,0.08695652173913043,0.9453749631759717,0.17557463200373885,0.1781151900493082
yield,me,BB,207,-0.2509335634651073,0.2509335634651073,-0.010385144626373253,0.15461571854586945,0.18357487922705315,0.9168716985529621,0.005300871043665167,-0.05304315372467139
yield,me,B,207,-0.4177935041727951,0.4177935041727951,-0.16235406730458732,0.24892939689147855,0.36231884057971014,0.9181569389143956,0.08520809094946846,-0.0678386515865228
yield,mom6,AAA,207,-0.049999999999999996,0.5186775788023661,-0.22727272727272727,0.5833333333333334,0.7772020725388601,0.7441822329101302,0.09146769553579437,0.19596551567299203
yield,mom6,AA,207,0.08707372962661256,0.479526185536543,-0.0923135048906427,0.48857217671043285,0.7409326424870466,0.8256031429328466,0.19860001397069305,0.2646352120282301
yield,mom6,A,207,0.08469133945223775,0.46273843891710803,-0.056925585707024245,0.49906136023770187,0.7357512953367875,0.8453050196728247,0.1805928320571209,0.1809747835057101
yield,mom6,BBB,207,0.06729893112098621,0.4498722750323597,-0.035823159235455294,0.4488653186192046,0.6787564766839378,0.8766253764812645,0.16810912224813906,0.18730681316136877
yield,mom6,BB,207,-0.06941042932781623,0.2638498898075926,-0.039447660593338464,0.3479209794759567,0.5595854922279793,0.8681314369949946,-0.031506223604404526,0.16656055857926488
yield,mom6,B,207,-0.1324308847951573,0.21947860629743637,0.007990314769975788,0.26054131479215775,0.43523316062176165,0.8559126394971318,0.18253740863014284,0.20756197457031503
yield,mom6mspread,AAA,207,-0.17792716404278067,0.3288811800814099,-0.07678271308523409,0.3021390374331551,0.5077720207253886,0.5430322352050497,-0.008771690494379591,0.040607977707022846
yield,mom6mspread,AA,207,-0.23618167671896861,0.2784949659679687,-0.07686613907190103,0.27505532378015596,0.46632124352331605,0.7692917357763123,0.044841986515714416,0.04718865048919163
yield,mom6mspread,A,207,-0.25615663076687434,0.282887632877966,-0.062456417678628945,0.22176610107644593,0.39378238341968913,0.7952684705569879,0.09504482303013492,0.01919033728020908
yield,mom6mspread,BBB,207,-0.27980765470646507,0.3129988111671533,-0.05875842275216968,0.23320513586979053,0.36787564766839376,0.8723630596969759,0.09613253414818365,0.019003477968015547
yield,mom6mspread,BB,207,-0.35971929589776497,0.35971929589776497,-0.048492602621578396,0.2256578053945731,0.35751295336787564,0.7637543800113092,0.14978874531760492,-0.08299954893430006
yield,mom6mspread,B,207,-0.33287237107461826,0.33287237107461826,-0.0677896607100147,0.15353649610752548,0.19689119170984457,0.5906602093610775,0.029332050272543875,-0.06242064768095079
yield,mom6xrtg,AAA,207,0.8833333333333333,0.8833333333333333,-0.17307692307692307,0.6111336032388665,0.7246376811594203,0.9239428354697778,-0.1780367084390586,-0.2606682146542827
yield,mom6xrtg,AA,207,0.7669219809173249,0.7669219809173249,0.12138165751134464,0.38950297529860006,0.6231884057971014,0.9296802480945071,-0.11988938531087262,-0.170574260625719
yield,mom6xrtg,A,207,0.8168598218930432,0.8168598218930432,0.12148532473301042,0.4037278574993588,0.6086956521739131,0.9502024367775155,-0.2410175020230429,-0.21594967299149315
yield,mom6xrtg,BBB,207,0.8368558216411213,0.8368558216411213,0.17712969189065692,0.3064472621331897,0.5120772946859904,0.9005455001856173,-0.2497682911271985,-0.33478171927876255
yield,mom6xrtg,BB,207,0.8508191830553032,0.8508191830553032,0.058538568043856834,0.15632863988626955,0.18840579710144928,0.7359109306480579,0.09098342541774862,-0.22699466420041814
yield,mom6xrtg,B,207,0.8885625801967748,0.8885625801967748,0.04461706455724403,0.1863142340602997,0.2995169082125604,0.6378940547855579,0.11978777964638138,-0.19584595299748397
yield,retexc,AAA,207,0.006893533209322683,0.42020540343461665,-0.010236822001527883,0.4076923076923077,0.642512077294686,0.05386392873385821,0.07124192210399105,0.03036579270699058
yield,retexc,AA,207,-0.0024932823052521667,0.357654904140039,-0.0048030928132483195,0.34966876845717937,0.5797101449275363,0.026633972107309844,0.16482392162129428,0.26048971721340114
yield,retexc,A,207,-0.0182018966799703,0.3531421355008928,-0.013272812967335922,0.35143584854081517,0.5507246376811594,0.08449120296100605,0.12039340237556195,0.1359426746630802
yield,retexc,BBB,207,0.05031085852090352,0.3284133891105223,0.06337516774377748,0.3326303105321111,0.5748792270531401,0.20064558164614996,-0.021099949125563344,0.06890977579903007
yield,retexc,BB,207,-0.03354276487306917,0.22124960381123648,0.003794678003464021,0.2286241249955736,0.3864734299516908,0.19508478815700597,0.009849971564482307,0.09542444113044476
yield,retexc,B,207,-0.06865329457467,0.16671975297794425,0.014446852028107979,0.16368687593545608,0.2753623188405797,0.23846859427215325,0.06127304088239144,0.048943524578434094
yield,rvol_21d,AAA,207,0.11396057645963792,0.17239884636824623,0.0,0.17162776997574078,0.19806763285024154,0.5113100131153143,-0.008517482409691385,-0.0026933926671893205
yield,rvol_21d,AA,207,0.037801024560319745,0.08406772870173522,-0.0030322281685609847,0.10553112221118208,0.07246376811594203,0.6989376843457636,0.20914191856401937,0.23984108252460642
yield,rvol_21d,A,207,0.04915159442587302,0.08432846667525867,-0.0012605299495276594,0.0838242960720392,0.0821256038647343,0.8364189529539273,0.315406695607519,0.3022805256439981
yield,rvol_21d,BBB,207,0.18013655160900602,0.18013655160900602,0.008097523705054538,0.10356510254657017,0.057971014492753624,0.8926745271707476,0.12246022951225582,0.17935406810720927
yield,rvol_21d,BB,207,0.20509718572134258,0.20509718572134258,0.006263050627201456,0.10649623143004906,0.0966183574879227,0.6811892890006029,0.07576443331359667,0.1647906165961365
yield,rvol_21d,B,207,0.3017812834536107,0.3017812834536107,0.025438649123238944,0.118372258482513,0.17391304347826086,0.6106394584693094,0.13972744675027432,-0.07391491135745829
yield,skew,AAA,202,-0.3057751975380558,0.3057751975380558,-0.00691699604743083,0.33636363636363636,0.5355191256830601,0.9485088957257838,-0.13196028895117046,-0.06525635795941126
yield,skew,AA,206,-0.17448121565720723,0.17763592383949478,-0.058860759493670894,0.16060440401478213,0.27807486631016043,0.9376219882010405,0.12518053777872662,0.1259086341435523
yield,skew,A,206,-0.1521314533994305,0.18259262378600613,-0.04884001941454636,0.14696380518516752,0.20320855614973263,0.9584487642318933,0.0064104579184065535,-0.01122379081474173
yield,skew,BBB,206,-0.11926857594040692,0.13625423734970002,-0.0369259714160564,0.1465096979095277,0.10695187165775401,0.9412978981419863,-0.0013082791952062633,0.02256708742040714
yield,skew,BB,206,-0.05314878406081657,0.10251999842371586,0.006631975247608081,0.15208247918614123,0.20855614973262032,0.924861367916149,0.08616285072458527,0.1046679154377496
yield,skew,B,206,-0.02333445332710252,0.09194143636415596,0.02576344086021505,0.16552380952380952,0.17647058823529413,0.8492895323946248,0.023213587427591553,0.09620895895048114
yield,spr_to_d2d,AAA,167,0.8787878787878788,0.8787878787878788,-0.1916971916971917,0.5945747800586509,0.7425149700598802,0.8934691041330814,-0.02929174241318455,-0.2006921616571321
yield,spr_to_d2d,AA,207,0.6933874843779047,0.6933874843779047,-0.023540080609046127,0.48411684891052764,0.6811594202898551,0.9447738784014047,-0.22183571141939845,-0.5107692458711581
yield,spr_to_d2d,A,207,0.7378296697561217,0.7378296697561217,0.061022180424170354,0.46420784019196865,0.6280193236714976,0.966194515673676,-0.4118876913053631,-0.591119805428165
yield,spr_to_d2d,BBB,207,0.735868585467698,0.735868585467698,0.176411748292864,0.4368888290789586,0.6763285024154589,0.9469286969001086,-0.07196319403837964,-0.5634581540186202
yield,spr_to_d2d,BB,207,0.5824546906080132,0.5824546906080132,0.35347580596199374,0.525517590372049,0.6956521739130435,0.9456626376846449,-0.06964094059180914,-0.41747654176641547
yield,spr_to_d2d,B,207,0.34249864010104425,0.3491902834008097,0.23113854073649254,0.36533902323376,0.5458937198067633,0.9308925120386262,0.02996718723202474,-0.14731609793263903
yield,spread,AAA,207,0.8833333333333333,0.8833333333333333,-0.17307692307692307,0.6111336032388665,0.7246376811594203,0.9238960477155126,-0.18422262778287268,-0.2606682146542827
yield,spread,AA,207,0.8417980968972428,0.8417980968972428,0.08134842256979662,0.42162406881508,0.6231884057971014,0.9308958202866543,-0.15637356892904603,-0.2211661765712003
yield,spread,A,207,0.8427183343412242,0.8427183343412242,0.13709269213946526,0.457314363345368,0.6231884057971014,0.9543997527465227,-0.3103364971249883,-0.22877476137996522
yield,spread,BBB,207,0.8577753372538451,0.8577753372538451,0.20047248730096487,0.3541822136388352,0.5893719806763285,0.9139875687585988,-0.29775645456977384,-0.348307819514579
yield,spread,BB,207,0.8752825782966136,0.8752825782966136,0.10311064385848664,0.1823441333317976,0.23671497584541062,0.7357186794085854,0.018136596733496962,-0.26805560183994825
yield,spread,B,207,0.9032029919202172,0.9032029919202172,0.0454710688941221,0.20852061402520117,0.357487922705314,0.6592639544897463,0.08635991913946878,-0.21468652222017715
yield,turn_vol,AAA,207,0.12262786789699319,0.1686028680108966,-0.12371791482634838,0.24478095736154543,0.463768115942029,0.8086044046511982,-0.11941796728416837,-0.008551702810851103
yield,turn_vol,AA,207,0.05328363162753366,0.09765480945199433,0.0641709252327011,0.13160282239279358,0.024154589371980676,0.9149763446090716,-0.0033042214865311725,0.03734267562808602
yield,turn_vol,A,207,0.030090681524182945,0.09109315697194406,-0.050452691634497095,0.07849344932749629,0.09178743961352658,0.9545376928647427,0.2403054445536788,0.2153711411428944
yield,turn_vol,BBB,207,0.07467162109973696,0.0749292081452341,0.03368919579589524,0.04912537203495421,0.0,0.9177393730759102,0.012294675878877767,-0.008688661378715198
yield,turn_vol,BB,207,0.08544194244599854,0.09373457218787905,0.022307750597788396,0.1020300288774681,0.01932367149758454,0.8944681480324236,0.030837564324472377,-0.05527461476774834
yield,turn_vol,B,207,0.07405102896224722,0.130539196457306,0.03781172548867476,0.12221151147093173,0.10628019323671498,0.8899700056392934,0.0737341945636032,0.05612119923140896
yield,vixbeta,AAA,202,-0.0039819140090200655,0.20484356329944564,-0.049999999999999996,0.2704072398190045,0.4644808743169399,0.9037904977546745,-0.09839307718314891,-0.03709729243535059
yield,vixbeta,AA,206,-0.1133756758855533,0.19873753847272568,-0.17235879426397427,0.32407867820613684,0.5294117647058824,0.9578379253039555,-0.1055514364354797,0.04725909668883288
yield,vixbeta,A,206,-0.11314788527677036,0.16217331266891,-0.08871203548361471,0.23313732030398918,0.36363636363636365,0.9528415633720921,-0.10174185833106861,0.000983179332476991
yield,vixbeta,BBB,206,-0.14671023576657627,0.16881867473185402,-0.10045391259264094,0.16888990464468248,0.31016042780748665,0.9579477411951637,-0.10486806133465261,-0.06790383464653163
yield,vixbeta,BB,206,-0.062225383138036966,0.10163146028981006,-0.010969231612846814,0.1176930398331342,0.13903743315508021,0.9219834958362679,-0.08663188539144187,-0.032421473672136575
yield,vixbeta,B,206,-0.12346011110145966,0.1317477780392785,-0.07914849615609404,0.13132904831018039,0.12834224598930483,0.8436419202585276,0.028099737012321283,0.09109755279147744
yield,volatility,AAA,202,0.8458041958041959,0.8458041958041959,0.006993006993006993,0.4991905642923219,0.644808743169399,0.9413703277939279,0.3163407219636734,0.016635942578191787
yield,volatility,AA,206,0.8251529296566638,0.8251529296566638,0.06783614135964476,0.5273815968786753,0.7165775401069518,0.9745097315761525,0.16777733024883124,-0.06478279719512958
yield,volatility,A,206,0.8330091326738647,0.8330091326738647,0.13568495491566543,0.3459226572249101,0.5668449197860963,0.9695481835705593,0.28861650816961487,-0.07358085265007275
yield,volatility,BBB,206,0.8056306270321291,0.8056306270321291,0.32256997913510516,0.4445545782858028,0.6631016042780749,0.9788374927001602,0.16176999015340343,-0.024786559824221288
yield,volatility,BB,206,0.427477870071571,0.427477870071571,0.04213935992357297,0.18581508183278095,0.2192513368983957,0.9299497996422349,-0.04690135289144101,0.047043485113676065
yield,volatility,B,206,0.3078961588911519,0.3078961588911519,-0.011400584434292298,0.18599239250103045,0.31016042780748665,0.9109489417666289,0.044735137323706015,0.024166948064189175
spread,D2D,AAA,101,0.12981032879177112,0.2309401076758503,-0.1740776559556978,0.37046336899810156,0.594059405940594,0.819947358107324,-0.009087197632062005,0.16879373632513012
spread,D2D,AA,207,-0.1296788744115535,0.14155562535456026,0.07317973232866062,0.19947222025950395,0.28502415458937197,0.9418038925139428,0.49624770096543747,0.5853254625276368
spread,D2D,A,207,-0.08276620033782002,0.09476747375791905,0.09213928234597749,0.16809300471387073,0.34299516908212563,0.973506208119855,0.3869939846915999,0.454745116056696
spread,D2D,BBB,207,-0.2649403937028614,0.2649403937028614,0.05995806922774136,0.2259763455598233,0.40096618357487923,0.9763094360201874,0.011484079261441155,0.07549463392914638
spread,D2D,BB,207,-0.22742189211059025,0.22742189211059025,0.051774589105250866,0.21511325505909235,0.34782608695652173,0.9447579256487156,0.012750401825812413,0.17293562721167466
spread,D2D,B,207,-0.3441818562902512,0.3441818562902512,0.04131292411934536,0.19318593904905243,0.30434782608695654,0.9015506050197737,-0.10832394498219125,-0.16435352534629555
spread,VaR,AAA,202,-0.7272727272727273,0.7272727272727273,-0.34545454545454546,0.4799448991167653,0.6885245901639344,0.8512524714653403,-0.1367260646330415,-0.2686654191508473
spread,VaR,AA,206,-0.7266096412000478,0.7266096412000478,-0.2643117103094671,0.3806402946766198,0.6042780748663101,0.9256435382897658,-0.24969813100056132,-0.3328922360280954
spread,VaR,A,206,-0.7387951613450373,0.7387951613450373,-0.2799068211683192,0.4072942652452914,0.6524064171122995,0.9508886985124602,-0.3393654202376914,-0.31938059384081324
spread,VaR,BBB,206,-0.6702201333754652,0.6702201333754652,-0.24794240536377532,0.43011205066605035,0.5882352941176471,0.9674451083261076,-0.3135288274052156,-0.35170412409118035
spread,VaR,BB,206,-0.24803970461558156,0.24803970461558156,-0.031706886137739185,0.21931245817336484,0.3155080213903743,0.9303275212020443,-0.06435054138617122,-0.08575491807604288
spread,VaR,B,206,-0.17486001898708559,0.18797184936565467,0.0016568483063328424,0.14247732991501685,0.29411764705882354,0.8860548327480331,0.024678257706663626,-0.07198096206800186
spread,age,AAA,207,-0.0869653229176518,0.15120875646520776,0.03005410701702592,0.19062092313368,0.30917874396135264,0.8383964303495265,-0.037767718398478145,0.07709975222233156
spread,age,AA,207,-0.09209368110490487,0.10136470647981592,-0.10813525837714132,0.13750127525399983,0.10144927536231885,0.8655707295746022,-0.057334391003547786,-0.0024697109205062268
spread,age,A,207,-0.0790077369761424,0.08791060538650927,-0.10420986730838246,0.12097241970563254,0.04830917874396135,0.9201307112701311,-0.07794179397855538,-0.01744120624725945
spread,age,BBB,207,-0.061951547537244,0.07316483620583167,-0.10763489836889087,0.1414416508741201,0.178743961352657,0.9703313027772759,-0.0648309576125986,0.003791020985112664
spread,age,BB,207,-0.037391862638905156,0.08020885730778411,-0.02196759708470003,0.14626794184237943,0.20772946859903382,0.9501451530687012,-0.057841683428095314,0.012551975573899449
spread,age,B,207,0.017768453056560562,0.12112927807761188,0.06112845455716029,0.14028014887421292,0.1497584541062802,0.9254144378965373,0.017154396526235904,0.009380134279635341
spread,amtout,AAA,207,0.06884424479460675,0.17402730811488895,-0.03390317518104052,0.18875391502647842,0.23671497584541062,0.8586574013148067,0.2800104901551562,0.35104450147153166
spread,amtout,AA,207,0.1670751467823897,0.16997242340269955,-0.022084035984017578,0.13063635605508622,0.033816425120772944,0.8801083048751036,0.050166780794061866,0.07507870533560271
spread,amtout,A,207,0.16552591205538214,0.16552591205538214,0.009649420652929348,0.10186823122421886,0.10144927536231885,0.9448306037018629,0.035399638133595784,-0.01146033043855163
spread,amtout,BBB,207,0.012962018061491548,0.056674922885680004,-0.022016355573503236,0.0787011274813126,0.0,0.9010248951719608,0.0407577360981379,0.02906292493732128
spread,amtout,BB,207,-0.052779683004074714,0.08087659475780418,-0.06548566941247139,0.10576465545960284,0.028985507246376812,0.856575270364955,0.018543115256437287,-0.024769475949579844
spread,amtout,B,207,-0.16809924478357835,0.16977547751788624,-0.05976793310778178,0.1393902450344844,0.1111111111111111,0.8900492041422886,-0.003076730312380732,-0.06799001247489268
spread,at_me,AAA,207,0.03774622469086113,0.16495721976846447,-0.06689936080056727,0.21918240325787303,0.3333333333333333,0.7454421899888379,0.22279907546360134,0.35445735502057363
spread,at_me,AA,207,0.15348450357387763,0.17879135982671857,0.042937215107344606,0.1717351605472628,0.2318840579710145,0.9408726690274484,0.5021127921452812,0.4751970459618138
spread,at_me,A,207,0.09760004772916017,0.09760004772916017,0.010114762955456106,0.0748704554591844,0.2560386473429952,0.9612873152243425,0.5313713983079229,0.5442227938741596
spread,at_me,BBB,207,0.11700801569312885,0.1228424233854487,0.07616033653777084,0.12071517669154917,0.13526570048309178,0.9705993245980387,0.12635865915507746,0.11276637345134385
spread,at_me,BB,207,0.12420277619244471,0.13555618867210714,0.017316115840485483,0.10989448841906031,0.0966183574879227,0.8807565227594099,0.0373711913855683,0.21025339931171752
spread,at_me,B,207,0.2434945085294075,0.2434945085294075,0.11296681919347269,0.14556080930565723,0.1497584541062802,0.847995972988538,0.13769552425777626,0.05865987889676799
spread,be_me,AAA,207,-0.02527885711069744,0.14630941635548297,-0.05687501230847872,0.23704841375633853,0.42028985507246375,0.8381213807167347,-0.10203730361335131,-0.035119593337071806
spread,be_me,AA,207,0.10325732618644619,0.15242697806216363,-0.07602441297040807,0.17075223505469275,0.2318840579710145,0.9395454367238247,0.43854616707027894,0.4508788409720511
spread,be_me,A,207,0.21421628341941848,0.21421628341941848,-0.026772357781833428,0.10652895060865418,0.2995169082125604,0.9600176707548521,0.3615053197804272,0.3220860826509604
spread,be_me,BBB,207,0.14588989148956857,0.14687536235759274,-0.00873574909460288,0.11984429342925794,0.1932367149758454,0.9675758184272018,0.04570346552770066,0.04204466146064076
spread,be_me,BB,207,0.11827722885575945,0.13244379908928414,-0.09955929360154407,0.1754399240175816,0.16908212560386474,0.9036275166513226,0.05840741298091828,0.08242857855567187
spread,be_me,B,207,0.2684730283442373,0.2684730283442373,0.0637820743786017,0.15314517616009013,0.15458937198067632,0.8824523788715761,0.19958402709860926,0.09336230366664186
spread,coupon,AAA,207,0.5116279562300791,0.5116279562300791,0.19906268803854937,0.3117567572981169,0.5314009661835749,0.8691587432292449,0.09769338565111813,-0.02083306026108156
spread,coupon,AA,207,0.4696769875569708,0.4696769875569708,0.06623416709152516,0.22431182418909634,0.3961352657004831,0.9489978837407304,0.035207100114413414,-0.19133984943639126
spread,coupon,A,207,0.48412222949568556,0.48412222949568556,0.12665028060360206,0.2107011419180115,0.3526570048309179,0.981037885009445,-0.10155938199196446,-0.34614454142720374
spread,coupon,BBB,207,0.42408130230286983,0.42408130230286983,0.055410335024520356,0.20636848816241168,0.3671497584541063,0.9861157353114022,-0.12740047415621408,-0.26173154745753374
spread,coupon,BB,207,0.42028564039559596,0.42028564039559596,0.09822348195292457,0.13816795388705955,0.1497584541062802,0.9164901710648987,0.007215236747494969,-0.1823162809770152
spread,coupon,B,207,0.48218306992576193,0.48218306992576193,0.14778894113021424,0.17240953624640534,0.1932367149758454,0.9184348419227838,0.03124664472424679,-0.21808823538542932
spread,debt_ebitda,AAA,207,0.09128709291752768,0.18331141187785954,-0.11338001059864154,0.2862829669517919,0.46859903381642515,0.8615155266887822,0.23337945736295318,0.32661148222173997
spread,debt_ebitda,AA,207,0.15465260893305577,0.19521630530810874,-0.07959075210954462,0.16261950266943023,0.32367149758454106,0.9625174919835408,0.36995246834348317,0.3800098760621672
spread,debt_ebitda,A,207,0.035589068978376916,0.10258928656691559,-0.03589532305338829,0.1337543267236201,0.28502415458937197,0.9597790500573629,0.30724243394810874,0.3037992665565434
spread,debt_ebitda,BBB,207,0.009133148098468123,0.04083548768201301,-0.035209523187012655,0.07485812797988936,0.06280193236714976,0.9253360704380761,-0.04272223600466671,0.006668715231456457
spread,debt_ebitda,BB,207,-0.06683933363537278,0.142425284903544,-0.07325589686973388,0.13915782351863762,0.18840579710144928,0.9236977111280121,-0.010543768536431825,-0.07831082329240169
spread,debt_ebitda,B,207,0.0505202972540463,0.10257061529468695,0.017400241417740415,0.1231932216004075,0.11594202898550725,0.8437301534940284,0.07437690599184223,0.0940255638704629
spread,dolvol,AAA,207,0.12074303405572755,0.2333333333333333,0.07327141382868937,0.18333333333333335,0.24154589371980675,0.5566227887672531,0.015653121166978867,0.10763949761996458
spread,dolvol,AA,207,0.1341817975057807,0.13776051685077645,0.06001717234776017,0.09145238225779924,0.004830917874396135,0.619371937188568,-0.03145539788436999,-0.05698034369226561
spread,dolvol,A,207,0.1385391653668831,0.14411171449115417,0.07427560693859243,0.09109588520586129,0.01932367149758454,0.8136451641433141,-0.01791689156069244,-0.07061224116197243
spread,dolvol,BBB,207,0.14037323929289436,0.14428421635312288,0.10248026096838193,0.11511228130972499,0.028985507246376812,0.7926397396159774,0.021515526886480438,-0.06039194748409943
spread,dolvol,BB,207,0.04208142033990103,0.09309680954568664,0.002721744935276021,0.07297724278553115,0.00966183574879227,0.5801277883397435,0.0373117710270197,-0.03812126657512861
spread,dolvol,B,207,-0.0030590723264216774,0.09276920070353722,-0.023024573592642157,0.09134410751828301,0.033816425120772944,0.5831930032616336,0.029213482714122066,0.062213333830132375
spread,duration,AAA,207,0.7545454545454545,0.7545454545454545,0.15923520923520929,0.38873208858011293,0.6183574879227053,0.8458027030986515,-0.1257100424955273,-0.4034148428111275
spread,duration,AA,207,0.7142119903722326,0.7142119903722326,0.14009172827975558,0.30636765230773516,0.5072463768115942,0.8883646844675686,-0.17561930353678087,-0.5790069815584181
spread,duration,A,207,0.7089479660407707,0.7089479660407707,0.21782269303733312,0.27687891696410577,0.41545893719806765,0.9251020360571809,-0.12505980862077765,-0.6127807611159413
spread,duration,BBB,207,0.6326983802912636,0.6326983802912636,0.25720738968801204,0.3104480430768969,0.5265700483091788,0.9591962083097864,-0.08753921044103824,-0.526759903386631
spread,duration,BB,207,0.24691476462023193,0.2693356983794935,0.05766922912662824,0.15454854983639219,0.1642512077294686,0.9083775809844165,0.14456378211040602,-0.146520207870628
spread,duration,B,207,-0.11512867238543936,0.21436949725434276,-0.011114221724524077,0.19842386499058162,0.21739130434782608,0.9335164980794735,0.19747867675511677,0.05476101469874439
spread,eq_dur,AAA,207,-0.040634797778574906,0.13695277374479264,0.024482659157056438,0.20529301171026296,0.34299516908212563,0.8061563940751756,-0.07715678067225282,-0.018814399664653356
spread,eq_dur,AA,207,-0.10076629714267378,0.1486743105397364,0.07838366022113465,0.18837445202123596,0.25120772946859904,0.9384270430958079,0.4279381755287782,0.4218130640668927
spread,eq_dur,A,207,-0.19095040232519084,0.19095040232519084,0.039294106301468984,0.17911100497082816,0.34782608695652173,0.956560448407919,0.2584937984565189,0.2690998476956957
spread,eq_dur,BBB,207,-0.0628645656566655,0.08158806026406729,-0.014792052471155526,0.11008183754977069,0.08695652173913043,0.9342342486747635,0.04034708218745425,0.061939788959907746
spread,eq_dur,BB,207,-0.03259864393009616,0.115363414257572,0.024663768294831523,0.15648446784081851,0.15458937198067632,0.9090530426056083,0.08620887106296052,0.017670107543175134
spread,eq_dur,B,207,-0.09050374376974042,0.1430628649683022,-0.030028964139137363,0.11675157041798453,0.2028985507246377,0.8631950901001837,-0.028813040590640132,0.012435266269049894
spread,market_lev,AAA,207,-0.024482659157056438,0.18331141187785954,-0.0707776073131163,0.2580123604621695,0.391304347826087,0.8372249058082957,0.1444937340868341,0.25988046961590183
spread,market_lev,AA,207,0.15295062926429004,0.18334329075241496,-0.11531649050830484,0.18851452942093924,0.21256038647342995,0.8748537955432579,0.2004034163643478,0.21434440337403388
spread,market_lev,A,207,0.0169048013846331,0.06963956865122141,-0.013973073421320006,0.07986039567791096,0.15458937198067632,0.9464421942751646,0.16104851978690704,0.15815854581261585
spread,market_lev,BBB,207,0.0432517574605441,0.06588727217998523,0.0013433708760041882,0.08720074131334464,0.07729468599033816,0.9489492163069452,0.0303069852005598,0.026892767709129933
spread,market_lev,BB,207,0.08991795882896478,0.10891474322522567,0.0344680564693903,0.178701010416399,0.18840579710144928,0.9483288920014025,0.12535759770446972,0.07042558924507764
spread,market_lev,B,207,0.08360016874984053,0.12897796537169323,-0.0007719927068446512,0.12236262387484313,0.043478260869565216,0.7478366731437314,0.1379797190784013,0.14109997891214163
spread,me,AAA,207,0.1224132957852822,0.17137861409939506,0.0,0.3060469201755311,0.5072463768115942,0.855742561920369,0.12138517063369247,0.25885348637929767
spread,me,AA,207,0.08936983616501289,0.10794307463096582,-0.07879423199582761,0.1250076146975351,0.16908212560386474,0.9142143390847421,0.08010533606127741,0.0930644323025528
spread,me,A,207,0.03873473628507061,0.0894314084890819,-0.023279910928402647,0.0918778780268838,0.14492753623188406,0.9663279418615062,0.10344436862351546,0.08307716044334369
spread,me,BBB,207,-0.19704493694681283,0.19704493694681283,-0.12066970562287488,0.14222754825351033,0.1932367149758454,0.9481368281426074,0.22959776792197528,0.21449097880067947
spread,me,BB,207,-0.29040525412723056,0.29040525412723056,-0.018621979309567098,0.16904124460003378,0.20772946859903382,0.9160736249482114,-0.012184408676846503,-0.010597292604508424
spread,me,B,207,-0.4614753057482313,0.4614753057482313,-0.11251968798359417,0.29337628738969906,0.46859903381642515,0.9267329545080353,0.19603844399223136,0.04459506651115569
spread,mom6,AAA,207,0.016374929418407683,0.5,-0.09588431590656285,0.5188160676532769,0.7150259067357513,0.6830606962416108,0.0805364173641483,0.0472559280122305
spread,mom6,AA,207,0.14003750586029068,0.40773055633736743,0.07763281494624781,0.43180176739179493,0.6580310880829016,0.8058009038872987,0.10315789638568873,0.05545432284139307
spread,mom6,A,207,0.11691268681663625,0.403923298923299,0.06359547411401167,0.41513293622530306,0.6113989637305699,0.836661812582147,0.04865286500045618,0.016007583500848077
spread,mom6,BBB,207,0.12746354744860136,0.38106789018031006,0.06920767446173441,0.41427726220865047,0.6424870466321243,0.883198329289513,-0.030067784346711812,-0.05393791443372992
spread,mom6,BB,207,-0.10456829602558247,0.19405697657930915,-0.008341206305007213,0.2461333293035837,0.39896373056994816,0.8396212491754993,-0.0720198048843706,0.05475701835257285
spread,mom6,B,207,-0.14619183001645966,0.20237822743087347,-0.022797655498206632,0.21842526405633203,0.3471502590673575,0.8078678008916249,0.06847427899789471,0.05626943220266484
spread,mom6mspread,AAA,207,-0.21666666666666667,0.30095990965556185,-0.1257477644156645,0.2845201910551454,0.48704663212435234,0.5087024033648073,0.10275253304030857,0.09976159097174053
spread,mom6mspread,AA,207,-0.2339419649690582,0.26186155042779363,-0.07047245857590687,0.29408023997000377,0.48186528497409326,0.7745849314644417,0.2176659012195788,0.2371957192147742
spread,mom6mspread,A,207,-0.2405388626155599,0.258236069556063,-0.053960865339425845,0.2748254132567117,0.47150259067357514,0.8567196729504031,0.16880257836251866,0.18747663156264488
spread,mom6mspread,BBB,207,-0.2619690763706991,0.2743711964929725,-0.07939685245238595,0.23011045505446404,0.3471502590673575,0.8760821832940461,0.0830191847327347,0.0704997820411511
spread,mom6mspread,BB,207,-0.37209753988277483,0.37209753988277483,-0.08211360902317774,0.22069476030907373,0.37305699481865284,0.7662019741518653,0.01951399554895139,-0.1391040640312992
spread,mom6mspread,B,207,-0.3463720864300035,0.3463720864300035,-0.07117219769263639,0.15907688510428236,0.18652849740932642,0.5926629692877988,0.052129787576233766,-0.07561306617910396
spread,mom6xrtg,AAA,207,0.9166666666666666,0.9166666666666666,0.23426212590299278,0.35728506787330316,0.5362318840579711,0.37401654464329215,-0.04982991398599379,-0.08893439188357499
spread,mom6xrtg,AA,207,0.8181370353784148,0.8181370353784148,0.13191019111924923,0.18709398137090996,0.3188405797101449,0.5001979569225649,0.20462066679073287,-0.016782179682332643
spread,mom6xrtg,A,207,0.9076132660369515,0.9076132660369515,0.2164589657288356,0.25931608620915153,0.41545893719806765,0.6500736753981446,0.16084539648373747,-0.13594072757670528
spread,mom6xrtg,BBB,207,0.9123853260979935,0.9123853260979935,0.18896178856519957,0.23108048714785992,0.38164251207729466,0.5373255449526833,-0.14461561659983396,-0.18092359154264281
spread,mom6xrtg,BB,207,0.8988215964903083,0.8988215964903083,0.12872398961340614,0.21335190265196688,0.28019323671497587,0.6073908853535536,0.055638573182250795,-0.17113621227544307
spread,mom6xrtg,B,207,0.9247397662118316,0.9247397662118316,0.12438206954335985,0.2069702449449285,0.3285024154589372,0.366593063841612,0.012590592761381025,-0.11448727343115284
spread,retexc,AAA,207,0.006838905775075988,0.32967032967032966,0.011538461538461539,0.33746130030959753,0.5410628019323671,0.02980248768460739,0.11603902708021713,0.0911019212628536
spread,retexc,AA,207,0.01099008485699063,0.33450422383550604,0.04611008039579468,0.3166908992335938,0.5458937198067633,0.02994151248556404,0.01915386793015167,0.059515916185009954
spread,retexc,A,207,-0.017486049622987773,0.2997730403620508,0.01576427229933634,0.2926931903355703,0.4975845410628019,0.10918393597295134,-0.0763931159165469,-0.02457083596902404
spread,retexc,BBB,207,0.06737172105021337,0.2795730385890311,0.07383041829745594,0.298971757888205,0.4975845410628019,0.24943326483266465,-0.18492660172437148,-0.09945174055294909
spread,retexc,BB,207,-0.0490658443678578,0.16314493006742098,0.00806246159840549,0.18022630898659833,0.26570048309178745,0.23732304310837218,0.0630035731719169,-0.04210301816128578
spread,retexc,B,207,-0.06348745594028612,0.16205554386703133,0.008808153582568203,0.15354857233526512,0.25120772946859904,0.14861669473315822,0.09211605970715506,0.025653155406814815
spread,rvol_21d,AAA,207,0.10868906721961584,0.15864916787036631,0.024482659157056438,0.21077500747205125,0.2898550724637681,0.566174702943112,0.22357106028258383,0.3090090068072382
spread,rvol_21d,AA,207,0.131866981037436,0.16268213300436268,0.02857721118500655,0.12210573462494856,0.178743961352657,0.8418371579767416,0.5034968047490926,0.482631696065357
spread,rvol_21d,A,207,0.10268857913660237,0.12350222937842155,-0.030769867766182037,0.1333720149174717,0.15942028985507245,0.9006633720005635,0.4268120183752063,0.449294641470237
spread,rvol_21d,BBB,207,0.26322701875253735,0.26322701875253735,0.019256409423580652,0.1608981150805219,0.20772946859903382,0.9103179619063935,0.13283631985462258,0.1026556453222151
spread,rvol_21d,BB,207,0.2229778729896722,0.2229778729896722,0.008722498743246404,0.1277420726618805,0.10628019323671498,0.6432571624561666,0.0405258410527751,0.1050873904066249
spread,rvol_21d,B,207,0.31672648661322295,0.31672648661322295,0.061673534652072606,0.13603507067191667,0.13526570048309178,0.5498101858215323,0.08632436702994131,0.04038839084153023
spread,skew,AAA,202,-0.30734520240313934,0.30862535082614495,-0.09099639855942376,0.26373626373626374,0.4644808743169399,0.8927676417934494,-0.07212825933756167,0.0003649686559883403
spread,skew,AA,206,-0.1927523066520053,0.1927523066520053,-0.06289630279972687,0.1477656828417031,0.18716577540106952,0.9207360305564378,0.0995510717996187,0.10866682930844829
spread,skew,A,206,-0.18073224398687798,0.18073224398687798,-0.05233830045640394,0.16187592915632198,0.18716577540106952,0.9436056410679323,-0.022741305853291094,0.023956959164362968
spread,skew,BBB,206,-0.13884063079237996,0.14055406987904973,-0.0651771959158676,0.1543863780869364,0.12834224598930483,0.9359968465294599,-0.024828200380797832,0.05275369552307416
spread,skew,BB,206,-0.041232472375292234,0.08912067701668316,-0.020147229755908564,0.1317258209498981,0.16042780748663102,0.9031339733055407,0.07677003657832779,0.08688538991263686
spread,skew,B,206,-0.03257991592986608,0.09076248270302714,0.04426508700481302,0.16325040231841148,0.15508021390374332,0.8585275484959186,-0.03154533210555377,0.06298892715080243
spread,spr_to_d2d,AAA,167,0.9073969508752118,0.9073969508752118,0.15841536614645857,0.3397683397683398,0.5329341317365269,0.24867198068825475,-0.15866211087916793,-0.1533302005665792
spread,spr_to_d2d,AA,207,0.7253772690821607,0.7253772690821607,0.26946226798163087,0.3586068734978919,0.6086956521739131,0.8229648099729646,0.1741110087570913,-0.40041763722817925
spread,spr_to_d2d,A,207,0.7662740253920399,0.7662740253920399,0.2663052473076677,0.32175067925524403,0.5410628019323671,0.8435924297988983,-0.1558878699111409,-0.5256304284209061
spread,spr_to_d2d,BBB,207,0.7622543906870332,0.7622543906870332,0.32776258565341115,0.4043598978215439,0.6521739130434783,0.9040004638506729,-0.029690350979210134,-0.3768458258687548
spread,spr_to_d2d,BB,207,0.6688700985566506,0.6688700985566506,0.3801164777447031,0.5728476821192052,0.7004830917874396,0.9400680218608521,-0.18260269628655268,-0.49005523654856664
spread,spr_to_d2d,B,207,0.3592302949888089,0.36951526425210635,0.23200544773578488,0.3604104396004957,0.5652173913043478,0.9314982868619782,0.019299009935865197,-0.17927248388739517
spread,turn_vol,AAA,207,0.011644047744182278,0.15331103516796663,0.08451542547285165,0.27643656514146003,0.46859903381642515,0.8896055157701968,0.18272106223984197,0.3492101124455904
spread,turn_vol,AA,207,-0.07871781882829922,0.1701992687868602,0.11692984525923654,0.17676481800517774,0.28019323671497587,0.9379950341815894,0.2908681305298748,0.3254376686859508
spread,turn_vol,A,207,-0.0512659269096601,0.10335085708760786,-0.03129127989685871,0.0873320117601965,0.20772946859903382,0.9678042731365731,0.364582162766116,0.3424806717469618
spread,turn_vol,BBB,207,0.08474431059421979,0.08584737316599617,0.06856792796957667,0.07602601366595424,0.0,0.8983338198031305,0.016170034168698347,0.03395119605749444
spread,turn_vol,BB,207,0.07134252159983208,0.1002021744932999,0.018554857800654995,0.11149502607745128,0.07246376811594203,0.915979367740509,-0.002292773898287706,-0.04719738712803208
spread,turn_vol,B,207,0.09430914342484713,0.1259661255012729,0.05030909089619359,0.11852884177646901,0.1111111111111111,0.8798210462541043,0.1289471985754122,0.053272343083835744
spread,vixbeta,AAA,202,-0.005312541297740187,0.14585748907927015,-0.022802778616732102,0.19999999999999998,0.3551912568306011,0.8558129104561784,-0.054004568023942184,0.013065054365637346
spread,vixbeta,AA,206,-0.14615712707235912,0.20299979720443845,-0.08590101080515858,0.24606395319543004,0.3582887700534759,0.9391036662957165,-0.09215585011772467,-0.05256275406328886
spread,vixbeta,A,206,-0.12489125734120218,0.1492057961261985,-0.06644424378771878,0.14698906859376182,0.22994652406417113,0.9404637334096975,-0.05997428406091168,-0.028244866898475385
spread,vixbeta,BBB,206,-0.14223931327363004,0.16614434293551925,-0.10570569561026617,0.18487735431036453,0.1925133689839572,0.9588948098261061,-0.0583548568794221,-0.07180512371381594
spread,vixbeta,BB,206,-0.05312715782158582,0.09057583731975122,0.003562319020903085,0.11288711288711288,0.13368983957219252,0.9289642696534158,-0.05836401227329577,-0.05405340831211754
spread,vixbeta,B,206,-0.10099868684774345,0.11086921283307773,-0.06605458350224053,0.11600641737628041,0.1925133689839572,0.9071629180949853,0.17098496878852026,0.07507320294125533
spread,volatility,AAA,202,0.7760695187165776,0.7760695187165776,0.2903167420814479,0.4908418131359852,0.6830601092896175,0.8614176380154758,0.03295275456495683,-0.25916354786739093
spread,volatility,AA,206,0.7444637797610868,0.7444637797610868,0.24947488333516538,0.3498725387680342,0.5561497326203209,0.9285090441365254,-0.1598771558400143,-0.36698762942606844
spread,volatility,A,206,0.7780245182292564,0.7780245182292564,0.2724549859722327,0.42575508422225977,0.6524064171122995,0.9560123598490172,-0.32553732017085146,-0.3743459695382855
spread,volatility,BBB,206,0.7102724047731406,0.7102724047731406,0.29352346730748,0.44199267880700566,0.6310160427807486,0.9676440836098392,-0.33403050432448594,-0.39983607236814656
spread,volatility,BB,206,0.27461998914959374,0.277887397748282,0.0601454221281219,0.2294381977458469,0.3315508021390374,0.9274423628315998,0.019244898113294412,-0.1383394736024794
spread,volatility,B,206,0.14919644211612176,0.1895476513855326,0.035338435780913655,0.14724528183748753,0.2887700534759358,0.8763160248704827,0.018300560618228073,-0.06421347140104561
spread,yield,AAA,207,0.890608875128999,0.890608875128999,0.2967032967032967,0.5904761904761905,0.7681159420289855,0.8703211200372385,-0.2553248324573188,-0.2131325974079189
spread,yield,AA,207,0.8386437232727972,0.8386437232727972,0.11986818492458973,0.5394230769230769,0.7439613526570048,0.9286667924300851,-0.33339860000728944,-0.17849589163691792
spread,yield,A,207,0.8560896753739881,0.8560896753739881,0.12737125201759517,0.5946494163805748,0.7294685990338164,0.9542253141785223,-0.4043396094784049,-0.2215187978991323
spread,yield,BBB,207,0.8698894727118495,0.8698894727118495,-0.05124032881954136,0.5756021050858643,0.7874396135265701,0.9664324540155022,-0.2703903538937765,-0.3106220818508144
spread,yield,BB,207,0.8743151187515484,0.8743151187515484,0.07654124871513603,0.3860055640213348,0.5797101449275363,0.9243677112191115,-0.09794311017191487,-0.256578754302209
spread,yield,B,207,0.9070627255877476,0.9070627255877476,0.14572293907385026,0.245371411856348,0.41545893719806765,0.6342756388285596,-0.0024290768087497916,-0.15395761192650648
spr_to_d2d,D2D,AAA,101,0.19665195061083096,0.27008065147482035,-0.27033813413374974,0.48285558395327477,0.7524752475247525,0.8534570617877261,-0.030543058429007397,0.22704969408038111
spr_to_d2d,D2D,AA,207,0.16076703462857544,0.19004596974763144,0.025147821413852224,0.31471495395885385,0.5120772946859904,0.9540597981771383,0.47638978362650514,0.5604622276426489
spr_to_d2d,D2D,A,207,0.12187768533543851,0.13473708623900638,-0.02608172067824087,0.2302453115642836,0.3961352657004831,0.968634087701403,0.14546494779404454,0.24852379778267958
spr_to_d2d,D2D,BBB,207,-0.035273609368259226,0.13107094472252603,-0.004595899362146392,0.1824520371664212,0.3140096618357488,0.9753129960904032,0.23373038214312464,0.27697855201709265
spr_to_d2d,D2D,BB,207,0.1483922690326627,0.16386475086825153,-0.09995021755851592,0.3778724196318795,0.6183574879227053,0.9707564660639405,0.1669352880301614,0.41943234480451
spr_to_d2d,D2D,B,207,0.4233510176918457,0.4233510176918457,0.04297353727399658,0.4433305769895823,0.6328502415458938,0.9563170798271298,-0.12976380684488348,0.19781728562880674
spr_to_d2d,VaR,AAA,136,-0.7118076807511792,0.7118076807511792,-0.2813765182186235,0.5034438052021716,0.7008547008547008,0.9283855016115029,-0.21244196759516143,-0.278743833685694
spr_to_d2d,VaR,AA,206,-0.6535819031582284,0.6535819031582284,-0.3211883670791151,0.39165238190153473,0.679144385026738,0.9349506710372845,-0.17117461778157217,-0.5213721529755608
spr_to_d2d,VaR,A,206,-0.6205696660742235,0.6205696660742235,-0.40239475212335285,0.440489332075121,0.7540106951871658,0.9651553975308792,-0.19848710684179538,-0.5061622948160688
spr_to_d2d,VaR,BBB,206,-0.5862415092786983,0.5862415092786983,-0.3628377461299087,0.3781850428450994,0.6203208556149733,0.9611994987713687,-0.14467829797121506,-0.48731884815941595
spr_to_d2d,VaR,BB,206,-0.11607627456888185,0.14593005867211048,-0.12398922820451758,0.1521642099292879,0.1497326203208556,0.8986852658170605,0.13537534110323146,0.018331564630860303
spr_to_d2d,VaR,B,206,0.017163748053786763,0.10607620890639757,-0.015767197910127376,0.15557270564023412,0.17647058823529413,0.8568867279656595,0.06845931169137459,0.13336460752660798
spr_to_d2d,age,AAA,167,-0.025851305324510476,0.11525723648031383,-0.036665688611337455,0.27005655274505314,0.4550898203592814,0.9085923024615615,-0.11252890075210836,0.1329629430259291
spr_to_d2d,age,AA,207,-0.014511260128096438,0.11343712495848471,-0.09019069117049736,0.1597938734605613,0.10628019323671498,0.8915965481391052,0.0371986379966944,0.030324983184997212
spr_to_d2d,age,A,207,-0.07482508382228997,0.0760496015539551,-0.09691326703251019,0.11184791142322113,0.0821256038647343,0.9203516904298233,-0.06622518770052409,0.0004507514092535747
spr_to_d2d,age,BBB,207,-0.06210783139565911,0.06642137222848501,-0.09450593513001238,0.11784443849507455,0.12560386473429952,0.9575859122687451,-0.08510534388869974,-0.0312402703939451
spr_to_d2d,age,BB,207,-0.07091824056604762,0.08926807032276493,0.04282985650049451,0.1350783930468547,0.13526570048309178,0.9310424371252892,-0.012557591961449094,-0.014774117216707655
spr_to_d2d,age,B,207,-0.005343415621334135,0.10439000298047936,0.026307132665159542,0.14967196984357028,0.13526570048309178,0.8849080711958281,0.1330872687526842,-0.014667710967377401
spr_to_d2d,amtout,AAA,167,0.017014091654127407,0.1739138586945567,0.0693509170684541,0.22727272727272727,0.38922155688622756,0.8285824779634899,0.10199865824094156,0.19499997693725876
spr_to_d2d,amtout,AA,207,0.17604793817762565,0.18800465559754076,0.035605373578643296,0.14269609023604446,0.16908212560386474,0.9412696049058898,0.08886803771110777,0.027473728075760484
spr_to_d2d,amtout,A,207,0.038617358862432685,0.11241982393085843,0.02015951618717128,0.1639271652208416,0.18357487922705315,0.9528770802693043,-0.018277385454692263,0.04588200498503392
spr_to_d2d,amtout,BBB,207,-0.03366731988771105,0.05328379827145553,0.025153034769694983,0.10387658142730487,0.01932367149758454,0.9260958121405392,0.08502227678293434,0.13570939885799077
spr_to_d2d,amtout,BB,207,-0.13091684387600533,0.13424966016469037,-0.04448729719368769,0.12009666649025365,0.028985507246376812,0.8760102810089981,0.04556264410149667,-0.025618244121926967
spr_to_d2d,amtout,B,207,-0.11497312507050449,0.11947560314569582,0.02561385210131361,0.14366609367534827,0.12077294685990338,0.8824978635238173,-0.04550946145238893,0.004773576776895175
spr_to_d2d,at_me,AAA,91,-0.08121932051642303,0.1914709911369242,-0.058025885318565944,0.1820482061400283,0.38461538461538464,0.5623102520746064,0.25023218606291886,0.21661113667041226
spr_to_d2d,at_me,AA,207,0.020632092430520256,0.18350672264828516,0.04953703578069685,0.19893039219804892,0.2753623188405797,0.918630265314405,0.3518026777638657,0.5080575945827652
spr_to_d2d,at_me,A,207,0.0367937548988945,0.07568411910498418,0.0659415664448103,0.10259940360499012,0.15942028985507245,0.9171287162557296,0.054692896865286625,0.08547447573171002
spr_to_d2d,at_me,BBB,207,-0.001104059893605535,0.09138803340506935,0.07158430503043153,0.14902503946164847,0.16908212560386474,0.9506902045194864,-0.03591921020889223,0.04816835340371094
spr_to_d2d,at_me,BB,207,-0.13257402301140067,0.16158070852749098,0.022954086179199314,0.19030101004205463,0.22705314009661837,0.9099205263045358,-0.009829968424532654,0.14953940590378736
spr_to_d2d,at_me,B,207,-0.2966550660952355,0.2966550660952355,-0.11952378449696655,0.19520105030822427,0.2463768115942029,0.8258703604588237,0.06347858125240616,0.04335471987899525
spr_to_d2d,be_me,AAA,91,-0.14002800840280097,0.1917412472118426,-0.058025885318565944,0.2920497993375193,0.4835164835164835,0.6946598219122135,0.1619445642407826,0.21648691035019157
spr_to_d2d,be_me,AA,207,0.0035083694310906583,0.16992848033407879,0.02920446070391768,0.19535003422016992,0.28019323671497587,0.9181259451623758,0.11298162849578416,0.2916613432565042
spr_to_d2d,be_me,A,207,0.157166826812486,0.16241416675258932,-0.01655840100594222,0.1257892570600174,0.1497584541062802,0.9380662234445153,0.02834106671810019,-0.050879999862258024
spr_to_d2d,be_me,BBB,207,0.006889884767038864,0.09828042658110983,-0.0005176506420813491,0.10652134208971287,0.15458937198067632,0.9592671454942581,0.0981324320659673,0.12776798302165235
spr_to_d2d,be_me,BB,207,-0.05498814339541536,0.14171875316920463,0.026687081783607663,0.14213832289547845,0.2318840579710145,0.9138358555596707,-0.04555274929521061,0.03873104693083959
spr_to_d2d,be_me,B,207,-0.1480111349595731,0.16517348651683,0.00869707172346848,0.154556628708918,0.15942028985507245,0.7986939384085563,0.01502002523589735,0.007196477358291181
spr_to_d2d,coupon,AAA,167,0.7162493700482088,0.7162493700482088,0.17640675460561903,0.394750091456796,0.5748502994011976,0.8942477651156147,0.05710231735048388,-0.215751438571819
spr_to_d2d,coupon,AA,207,0.5332194031357893,0.5332194031357893,0.05295493013713481,0.17469765713744675,0.30917874396135264,0.931569794769233,-0.09508035150547964,-0.47076731503850805
spr_to_d2d,coupon,A,207,0.40261288499228715,0.40261288499228715,0.09401576376847873,0.1828701772905114,0.28019323671497587,0.9650677602015841,-0.1093093525380926,-0.3522724322721029
spr_to_d2d,coupon,BBB,207,0.37327816266408775,0.37327816266408775,0.060122117724180926,0.14322524353845936,0.16908212560386474,0.9647451163850203,-0.11404250376444526,-0.26573581532025403
spr_to_d2d,coupon,BB,207,0.2980241744457129,0.2980241744457129,0.03317057751088415,0.20201140498449463,0.2898550724637681,0.9552343662626432,-0.11443621815597109,-0.20562278539638745
spr_to_d2d,coupon,B,207,0.23040984748118518,0.2762400245792563,0.07478922312788878,0.17728121761216223,0.3285024154589372,0.9330696371070569,0.1683157580746859,0.006596433450177741
spr_to_d2d,debt_ebitda,AAA,91,0.13662601021279464,0.1917412472118426,0.06822096337752613,0.20292808368214751,0.3626373626373626,0.4992695132801984,0.25867692104852846,0.21876988390888052
spr_to_d2d,debt_ebitda,AA,207,0.013576691519248911,0.1826730950559411,-0.05706533391880347,0.18301017115074578,0.38164251207729466,0.9505337824664357,0.3305352547341307,0.373733472137292
spr_to_d2d,debt_ebitda,A,207,-0.05620342181652374,0.10582129377421395,0.0025866631667454745,0.1435136267539709,0.25120772946859904,0.9530249032336903,0.17701476592402787,0.22752362499036688
spr_to_d2d,debt_ebitda,BBB,207,-0.03457154718896241,0.07216194711746536,-0.0061461958615602105,0.12520484956129746,0.14492753623188406,0.9502717620885771,-0.051524247044987925,0.03884835953252129
spr_to_d2d,debt_ebitda,BB,207,-0.14752005296006204,0.18435260578431892,-0.13804055931281708,0.15088970214977818,0.1111111111111111,0.8111257421797026,-0.0403819325892896,-0.14296322988415386
spr_to_d2d,debt_ebitda,B,207,-0.13236917714916563,0.16906644777615915,-0.07019534794909765,0.18776521272697594,0.26570048309178745,0.875226095438744,0.02029044464729357,-0.03810428561382842
spr_to_d2d,dolvol,AAA,167,0.07641196013289037,0.22428571428571425,0.06227106227106227,0.18482620320855617,0.281437125748503,0.4905824094251981,0.06493251846193024,0.19967987194877945
spr_to_d2d,dolvol,AA,207,0.11454164284352962,0.1322863498328869,0.06539810201884169,0.10538877386703474,0.057971014492753624,0.7244278815091403,0.056978267341594904,-0.028883516743081053
spr_to_d2d,dolvol,A,207,0.03513403499978744,0.09135419267657299,0.027372317539826812,0.09419358805955873,0.0,0.8032934235609784,0.010565542556573687,-0.031892542424542994
spr_to_d2d,dolvol,BBB,207,0.06960358087709652,0.09946167259698382,0.07181042003281274,0.1091198774409896,0.033816425120772944,0.8307304261209314,0.013144323970935623,0.004105192031904931
spr_to_d2d,dolvol,BB,207,-0.07479400525435874,0.0942067738709362,-0.04029972775085354,0.08951242648453803,0.024154589371980676,0.6711515727992835,0.03919597607149569,0.02971407588677727
spr_to_d2d,dolvol,B,207,-0.10836367995923811,0.11598057354301573,-0.04294116753812747,0.09114906832298136,0.00966183574879227,0.5869674008041428,0.0029046271239029364,0.013665382216685062
spr_to_d2d,duration,AAA,167,0.7857142857142858,0.7857142857142858,0.1016289592760181,0.41818181818181815,0.6706586826347305,0.870185442340393,-0.05976645203535963,-0.18673469387755126
spr_to_d2d,duration,AA,207,0.6410327159413426,0.6410327159413426,0.1484748128370569,0.24099586245344068,0.41545893719806765,0.8879101990118169,-0.11074593783732711,-0.40026066924623904
spr_to_d2d,duration,A,207,0.6923299893041308,0.6923299893041308,0.22458661503402622,0.2634933248712232,0.4057971014492754,0.9363442809368803,-0.1681112043325872,-0.5352609301810424
spr_to_d2d,duration,BBB,207,0.5980075858692748,0.5980075858692748,0.22969399346300384,0.263788829277793,0.42995169082125606,0.960816404652845,-0.0101688281800697,-0.5122668897291895
spr_to_d2d,duration,BB,207,0.20627909360813987,0.21934510375423985,0.0877059969016414,0.13247592976079306,0.15942028985507245,0.9472014758309363,0.09597899091354459,-0.1288022406439891
spr_to_d2d,duration,B,207,-0.0015481548154815481,0.1341719077568134,0.03703778161982496,0.1828771112405358,0.2608695652173913,0.893799577986994,-0.001994371689065577,-0.04389971914555188
spr_to_d2d,eq_dur,AAA,91,0.13662601021279464,0.18486152832547365,0.14494863120153395,0.27386127875258304,0.43956043956043955,0.5459186608764756,0.15923118692001487,0.21648691035019157
spr_to_d2d,eq_dur,AA,207,-0.046490477099931184,0.13671010691101182,0.000995676029018737,0.2258954575882486,0.3285024154589372,0.8982548638551975,0.22347315701824175,0.34306961278488224
spr_to_d2d,eq_dur,A,207,-0.137461760454684,0.1461121738864688,-0.01936561924947787,0.13965844363662436,0.178743961352657,0.9365727484745058,0.023652396475197512,-0.0436654281927481
spr_to_d2d,eq_dur,BBB,207,0.03364296575437889,0.07253247629710394,0.017447917758748144,0.10037339157053306,0.13043478260869565,0.9472230110278363,0.10117292293751745,0.12396227483920645
spr_to_d2d,eq_dur,BB,207,0.08171736289396529,0.1056996666825584,0.0043602524090326595,0.11880321435759528,0.0966183574879227,0.8758466811710116,0.018385925857305724,0.008974235558941362
spr_to_d2d,eq_dur,B,207,0.020972741463593673,0.12555343565928254,0.03837623498355978,0.15181249802654254,0.16908212560386474,0.7670253374122582,0.1243771330777323,0.07276640305495964
spr_to_d2d,market_lev,AAA,91,-0.02830692585361489,0.1917412472118426,-0.054783213489097884,0.2812331401027964,0.4175824175824176,0.6838697564659224,0.13171246272816847,0.21876988390888052
spr_to_d2d,market_lev,AA,207,0.12162169028114887,0.15693264627364256,0.013907983472221074,0.22293486100792875,0.3188405797101449,0.8966487473778043,-0.04665001943284661,0.06637247404091257
spr_to_d2d,market_lev,A,207,0.00789988029850186,0.047598438889849534,0.0018290081102100163,0.054936971716009544,0.057971014492753624,0.8372375239995266,0.00353136274622573,0.013994497536499874
spr_to_d2d,market_lev,BBB,207,-0.017270486257640737,0.06667992856656739,0.02793850626923557,0.08002529513827739,0.06280193236714976,0.9320842013438948,0.14849325841220254,0.20489237266182625
spr_to_d2d,market_lev,BB,207,-0.09005053412924094,0.13399310198724718,0.04110543069994236,0.17785763873299368,0.23671497584541062,0.8566863266650337,-0.0018656369282690766,0.13135076514458546
spr_to_d2d,market_lev,B,207,-0.28493836197989614,0.28493836197989614,-0.12080013501030852,0.17464413859354705,0.2560386473429952,0.8177711379083943,0.1662366107353368,0.07609631256468474
spr_to_d2d,me,AAA,91,0.07669649888473705,0.1917412472118426,0.04554200340426488,0.27033813413374974,0.4175824175824176,0.5437575560112266,0.19692927366484053,0.21876988390888052
spr_to_d2d,me,AA,207,0.13327375517959167,0.13504822250760648,-0.08291771113912678,0.1425837290575172,0.15942028985507245,0.885911019566388,-0.04948207443907726,-0.030424312196250858
spr_to_d2d,me,A,207,0.016941220007562305,0.09945679628917332,-0.0205490487707475,0.11471208603038385,0.1497584541062802,0.9363532041140211,0.13611979726356782,0.09688116169857258
spr_to_d2d,me,BBB,207,-0.15902274115467308,0.16416594602072374,-0.10736986837201108,0.12719424915733865,0.18357487922705315,0.9583741243637854,0.10599212455869426,0.08189127805838028
spr_to_d2d,me,BB,207,-0.15630557166796039,0.19887305454264165,0.007276353155187211,0.21148993304573546,0.36231884057971014,0.9454980357937103,0.07856123549551661,0.08739487117554051
spr_to_d2d,me,B,207,0.019619689132190858,0.16366592878218633,0.12807269453199355,0.19389483255927673,0.2753623188405797,0.8931254596817882,0.019868243779459754,0.07335008183230673
spr_to_d2d,mom6,AAA,156,0.08148891582083523,0.5408302378180279,-0.15593999457490504,0.5632135306553911,0.7183098591549296,0.6561768908023665,-0.010029867284055527,-0.003939592231730127
spr_to_d2d,mom6,AA,207,0.19383088176191623,0.33356742681290935,0.12015869435958419,0.3600282546341881,0.5544041450777202,0.7443057324744787,-0.26099041336988066,-0.13726127701939134
spr_to_d2d,mom6,A,207,0.0902285095556393,0.28652962660410614,0.07534554847462935,0.2921298765420244,0.47150259067357514,0.7803425003572955,-0.14103467522402818,-0.17363382459195303
spr_to_d2d,mom6,BBB,207,0.12820271699887492,0.28370587468502784,0.08065145814087225,0.3227407261371154,0.5233160621761658,0.8575931430012816,-0.22038162858912913,-0.16435848260042085
spr_to_d2d,mom6,BB,207,-0.056242019321303745,0.1518297760633527,-0.03540426583406364,0.16857400166937575,0.26424870466321243,0.7878765416603163,-0.0318865309400497,0.004799289829960113
spr_to_d2d,mom6,B,207,0.004150357525529729,0.11890800730558493,0.004008698326231165,0.15906449226867675,0.20207253886010362,0.6928446897809987,0.023277494543158556,0.10190926052823865
spr_to_d2d,mom6mspread,AAA,151,-0.16550522648083626,0.3272727272727272,-0.09365962180200223,0.34545454545454546,0.5766423357664233,0.4800042803418938,0.05218062200554302,0.013925244549798377
spr_to_d2d,mom6mspread,AA,207,-0.1654808959156785,0.24854740118927984,-0.06573256917829894,0.24801489614528927,0.38860103626943004,0.7729189156100484,0.02341335753642973,0.052679035125823476
spr_to_d2d,mom6mspread,A,207,-0.17681876632522606,0.20539209792922047,-0.07230131911437186,0.15687221250696254,0.30569948186528495,0.7753100633843587,-0.09642693711446357,-0.13291659250651733
spr_to_d2d,mom6mspread,BBB,207,-0.17652715725773727,0.19636765064300152,-0.08363908425843117,0.14924035603749683,0.18134715025906736,0.7603373378079632,-0.06801302464434908,-0.10383027761109542
spr_to_d2d,mom6mspread,BB,207,-0.2072140720695058,0.2602786126616097,-0.1073031415748674,0.2644236733711668,0.43523316062176165,0.8236312308061089,-0.21867983238361438,-0.13658203692575316
spr_to_d2d,mom6mspread,B,207,-0.08596713021491784,0.14837670465058064,-0.039764359351988215,0.16953438174529753,0.20725388601036268,0.6600869839981609,-0.02941448142686534,0.017835190664730244
spr_to_d2d,mom6xrtg,AAA,167,0.903448275862069,0.903448275862069,0.15056448111159357,0.3413506012950972,0.5449101796407185,0.20957777097205407,-0.16899231487466784,-0.14386267327443802
spr_to_d2d,mom6xrtg,AA,207,0.5932399337239298,0.5934693903553897,0.2087484258436962,0.3175417892748068,0.5217391304347826,0.9050492434641432,0.40014686281669015,-0.16700508489480242
spr_to_d2d,mom6xrtg,A,207,0.7362782427396936,0.7362782427396936,0.27492317950492207,0.30782424509685846,0.5265700483091788,0.8848733386953247,0.03557390985826331,-0.5478334431924667
spr_to_d2d,mom6xrtg,BBB,207,0.7608646836156221,0.7608646836156221,0.3546457928225283,0.4511965238155554,0.6956521739130435,0.9151434210198033,-0.14155556275043174,-0.46756598500408053
spr_to_d2d,mom6xrtg,BB,207,0.6431777786162917,0.6431777786162917,0.3643442802399974,0.49029659937383124,0.6811594202898551,0.9392313981000029,-0.1069515337937903,-0.44411878438789626
spr_to_d2d,mom6xrtg,B,207,0.3236679864073089,0.34253544308532524,0.22747231338698315,0.33944281524926684,0.5458937198067633,0.9016999247998138,-0.08720914464854074,-0.12355942910008721
spr_to_d2d,retexc,AAA,167,0.03907203907203907,0.35974025974025975,0.052419354838709666,0.41800060404711564,0.5988023952095808,0.03220007478687251,0.07066290524541907,0.09567347146534483
spr_to_d2d,retexc,AA,207,0.011148678907299597,0.29012221999599275,0.022482722421485433,0.2777653122241521,0.47342995169082125,-0.0041124402589885955,0.004503254198957862,-0.038388649815050246
spr_to_d2d,retexc,A,207,-0.0071903741442359064,0.21066854758840733,0.006790948848161264,0.23346248399074288,0.391304347826087,0.03660464320381642,-0.11190331626440383,-0.11333485573794436
spr_to_d2d,retexc,BBB,207,0.0362904597150888,0.20763023501360214,0.048142177060896026,0.2230646255870476,0.34782608695652173,0.1437162280784724,-0.132570095922032,-0.1463455087712126
spr_to_d2d,retexc,BB,207,-0.023349061379882952,0.13405615790936892,-0.02212602362248469,0.1369027638502241,0.16908212560386474,0.1559318053532013,0.019638378889214686,-0.03158568398056935
spr_to_d2d,retexc,B,207,-0.020461757303862568,0.09558565535553414,-0.008188828326682985,0.12761304836895387,0.1111111111111111,0.000921327169692908,0.046088210240191246,0.07665885219581996
spr_to_d2d,rvol_21d,AAA,91,0.039003822561925784,0.19364916731037088,-0.016434964046729367,0.19364916731037088,0.32967032967032966,0.308675250264317,0.19954091429812448,0.21370596424098232
spr_to_d2d,rvol_21d,AA,207,0.09862623520766745,0.16438274661970273,0.002627861909671664,0.1410990419668294,0.2318840579710145,0.7403908738971222,0.3537004586023553,0.2659102540633402
spr_to_d2d,rvol_21d,A,207,0.02050562420361956,0.09154658707812277,-0.027026782727394043,0.10416251792004548,0.14492753623188406,0.8431833512241681,0.10438277076945288,0.18087147025410683
spr_to_d2d,rvol_21d,BBB,207,0.16166503084739928,0.18891893280434072,0.03330567388574014,0.1302219863924822,0.16908212560386474,0.9062966764408603,0.07873402170298616,-0.006308577662428733
spr_to_d2d,rvol_21d,BB,207,0.03519012301184534,0.10531158350509942,0.07772098317534663,0.19509631362972918,0.27053140096618356,0.8331297705046511,-0.06790840005564758,-0.012700787349406523
spr_to_d2d,rvol_21d,B,207,-0.11600982096998962,0.15506112836990332,-0.021931728334873855,0.172713898678843,0.2753623188405797,0.7834030606923686,-0.08168923253574858,0.16309675891280098
spr_to_d2d,skew,AAA,136,-0.3355128205128205,0.3355128205128205,-0.04242424242424241,0.24705882352941175,0.4444444444444444,0.8930151662161431,-0.04781572180891516,0.021120437115302426
spr_to_d2d,skew,AA,206,-0.15973245511639447,0.16654298102689125,-0.06748980780430983,0.15291188601424824,0.20855614973262032,0.8982652263636024,-0.041940572065578496,-0.07608366860312826
spr_to_d2d,skew,A,206,-0.0974899220253519,0.12431964163616313,-0.03310258322668382,0.08816384319770841,0.0748663101604278,0.9090839859498895,-0.0008262595113090326,-0.07772917289999058
spr_to_d2d,skew,BBB,206,-0.09683484296330289,0.10134034104255452,-0.03569715848875152,0.08358817410757921,0.0053475935828877,0.9024890019612819,-0.035307492192459114,-0.012352012699716086
spr_to_d2d,skew,BB,206,0.007345973968483084,0.06458813929352128,-0.009173301594394575,0.09425569445509627,0.0481283422459893,0.882520839043454,0.007543498118476891,0.019819909749405507
spr_to_d2d,skew,B,206,-0.02951587400228693,0.08815440924102161,-0.00014605647517039924,0.14063823058324235,0.13903743315508021,0.8410282331729036,-0.0036789018802759477,0.017996768118644896
spr_to_d2d,spread,AAA,167,0.903448275862069,0.903448275862069,0.15056448111159357,0.3413506012950972,0.5449101796407185,0.20939293893980904,-0.16899231487466784,-0.14386267327443802
spr_to_d2d,spread,AA,207,0.7223338241017239,0.7223338241017239,0.2759279681752516,0.3648141487923578,0.5797101449275363,0.8367272647499624,0.33834954709376835,-0.3297020860261314
spr_to_d2d,spread,A,207,0.762271638085696,0.762271638085696,0.33843268311588226,0.3709555171807824,0.6183574879227053,0.8521836066843492,-0.026200792679504092,-0.5748038554887307
spr_to_d2d,spread,BBB,207,0.7684832284839435,0.7684832284839435,0.3810800917974892,0.4721369308504269,0.7198067632850241,0.9086103427282103,-0.1897804235167755,-0.490388000870114
spr_to_d2d,spread,BB,207,0.6534582532564597,0.6534582532564597,0.40107392607392606,0.5111706464764123,0.6811594202898551,0.9381327961426326,-0.1635110885703338,-0.48525962644763765
spr_to_d2d,spread,B,207,0.3437983798379837,0.35140963601935615,0.23463584125646525,0.3266221687274318,0.5410628019323671,0.8973074370691186,-0.10362651093846731,-0.16949851723458534
spr_to_d2d,turn_vol,AAA,91,-0.13662601021279464,0.19364916731037088,-0.0922400380373398,0.2961175069845347,0.4945054945054945,0.7130152076731818,0.1917791688086062,0.20503875169209798
spr_to_d2d,turn_vol,AA,207,7.543553600256086e-05,0.18996498889887692,0.12923306311781682,0.23721398528623305,0.37681159420289856,0.9384284854638294,0.2223672734534075,0.22431231758655126
spr_to_d2d,turn_vol,A,207,0.02048786883124355,0.08706189698043812,-0.020491184938924444,0.09501843610900973,0.13526570048309178,0.9217468358561687,0.04536286588297295,0.08674261541218702
spr_to_d2d,turn_vol,BBB,207,0.1030666496763342,0.10353994812018907,0.06682829572490095,0.09352822089761834,0.0,0.89744050453339,0.016242974545101582,0.015091000704535715
spr_to_d2d,turn_vol,BB,207,0.08600810169792662,0.1487674212299594,0.011535840801684544,0.12617510265909596,0.19806763285024154,0.9231076884267397,0.1537547441712034,0.10139706167592144
spr_to_d2d,turn_vol,B,207,0.039342631948758325,0.12103383734946771,0.013156757559453957,0.13323429236512982,0.13043478260869565,0.8540160726112722,0.11529528150389941,0.14558457587649948
spr_to_d2d,vixbeta,AAA,136,-0.0005498533724340175,0.16952488687782807,-0.06444906444906445,0.1964285714285714,0.358974358974359,0.8639651300518282,-0.04899085734000344,-0.07286529348580728
spr_to_d2d,vixbeta,AA,206,-0.10460370466844163,0.21777651187274644,-0.09227498228206946,0.23823649410804715,0.37433155080213903,0.9493874760711569,-0.11136365717102006,-0.09196022573521062
spr_to_d2d,vixbeta,A,206,-0.09071633691006518,0.14521050589538032,-0.0624630206452906,0.12972572275759822,0.22459893048128343,0.9496053068259512,-0.07551540791058028,-0.08041519091709698
spr_to_d2d,vixbeta,BBB,206,-0.11582375763060096,0.13755200898004133,-0.06920743349528093,0.15151989806951616,0.026737967914438502,0.9327355758141475,-0.10487784755717552,-0.07541345960184354
spr_to_d2d,vixbeta,BB,206,-0.0009534576786841804,0.08737072107520358,0.016796567469689813,0.12251032697954511,0.12834224598930483,0.9059126879709943,-0.0014461381311684646,0.0439952199380087
spr_to_d2d,vixbeta,B,206,-0.038769892153954655,0.1409047894450949,0.04023258295102956,0.18695778960414083,0.2727272727272727,0.8689467995222615,0.043269760618401015,0.09532444880638094
spr_to_d2d,volatility,AAA,136,0.7621212121212121,0.7621212121212121,0.16191369606003755,0.5035714285714286,0.6581196581196581,0.9064931062532086,-0.08288912511827995,-0.24865973337996283
spr_to_d2d,volatility,AA,206,0.7045156576030963,0.7045156576030963,0.30381872555785605,0.358912074670543,0.6096256684491979,0.9392514246852747,-0.27226599097684634,-0.5844388039485816
spr_to_d2d,volatility,A,206,0.622687815416772,0.622687815416772,0.3907390233837709,0.43138676863505354,0.732620320855615,0.9690003830729393,-0.25314976796377653,-0.5186977188141453
spr_to_d2d,volatility,BBB,206,0.5987624652128809,0.5987624652128809,0.3702334133591144,0.40274873647588266,0.6470588235294118,0.9666596735265192,-0.214754337761562,-0.5183909955337379
spr_to_d2d,volatility,BB,206,0.1266089436904814,0.1660499143748036,0.12132104454685097,0.18375222595406082,0.25133689839572193,0.9119316131429395,0.1582958219154038,-0.027595946199675314
spr_to_d2d,volatility,B,206,0.001996845921943843,0.10341831095472903,0.023590563774490203,0.14146861134296887,0.17647058823529413,0.872792837050053,0.004138303914945074,0.082560835456635
spr_to_d2d,yield,AAA,167,0.8758447740021869,0.8758447740021869,0.1468233506660607,0.6428571428571429,0.7904191616766467,0.8637163677928443,-0.26635584633197246,-0.23792517006802727
spr_to_d2d,yield,AA,207,0.6967849047509957,0.6967849047509957,0.40322645223378817,0.5144341184237237,0.7874396135265701,0.9407443801898125,0.14090646021581432,-0.5467042238799269
spr_to_d2d,yield,A,207,0.7314747788336502,0.7314747788336502,0.37471837607526576,0.47733626010012453,0.7053140096618358,0.9432778749471555,0.018462124349717057,-0.5941021983819537
spr_to_d2d,yield,BBB,207,0.7283042025107513,0.7283042025107513,0.36201180012634654,0.44374570654958756,0.7004830917874396,0.9599463542090408,0.13608690160007741,-0.577064142073227
spr_to_d2d,yield,BB,207,0.5650833654209325,0.5650833654209325,0.34253172438016966,0.43416936572305775,0.7053140096618358,0.9442106541951547,-0.0025190535469298836,-0.38864848219752846
spr_to_d2d,yield,B,207,0.3250577969659617,0.3463625450180072,0.24571498170917958,0.31237621560917744,0.5169082125603864,0.89083615532279,-0.05610197256722266,-0.0693095614726631
